Region,Maker,Model,Model year,Supplier
Europe,Citroen,e-C3 (Slovakia),2025,Gedia Gebrueder Dingerkus GmbH
Europe,Citroen,e-C3 (Slovakia),2025,"Snop Automotive Malacky, a.s. (Formerly Tower Automotive a.s. - Malacky)"
Europe,Citroen,e-C3 (Slovakia),2025,"Snop Automotive Malacky, a.s. (Formerly Tower Automotive a.s. - Malacky)"
Americas,GM,Cadillac OPTIQ (Mexico),2025,Martinrea International Inc.
Japan,Nissan,Note Aura,2025,UNIPRES Corporation
Japan,Nissan,Note e-POWER,2025,UNIPRES Corporation
Europe,Renault,Scenic E-TECH (France),2025,SNOP
Europe,Skoda,Kodiaq (Czech Republic),2025,Gestamp Automocion S.A.
Europe,Volkswagen,T7 California (Germany),2025,Linde + Wiemann SE & Co. KG
Europe,Audi,Q6 e-tron (Germany),2024,Gestamp Automocion S.A.
Europe,Citroen,e-C3 (Slovakia),2024,Gedia Gebrueder Dingerkus GmbH
Europe,Citroen,e-C3 (Slovakia),2024,"Snop Automotive Malacky, a.s. (Formerly Tower Automotive a.s. - Malacky)"
Europe,Citroen,e-C3 (Slovakia),2024,"Snop Automotive Malacky, a.s. (Formerly Tower Automotive a.s. - Malacky)"
China,Geely,LYNK & CO 01 (4WD) (China),2024,"Zhejiang Tion Vanly Tech. Co., Ltd. (Formerly Zhejiang Taihong Machinery & Electronics Co., Ltd.)"
China,Geely,LYNK & CO 01 (FF) (China),2024,"Zhejiang Tion Vanly Tech. Co., Ltd. (Formerly Zhejiang Taihong Machinery & Electronics Co., Ltd.)"
China,Geely,LYNK & CO 01 EM-F (FF) (China),2024,"Zhejiang Tion Vanly Tech. Co., Ltd. (Formerly Zhejiang Taihong Machinery & Electronics Co., Ltd.)"
China,Geely,LYNK & CO 01 EM-P (FF) (China),2024,"Zhejiang Tion Vanly Tech. Co., Ltd. (Formerly Zhejiang Taihong Machinery & Electronics Co., Ltd.)"
China,Geely,LYNK & CO 07 EM-P (China),2024,"Zhejiang Tion Vanly Tech. Co., Ltd. (Formerly Zhejiang Taihong Machinery & Electronics Co., Ltd.)"
China,Geely,LYNK & CO 07 EM-P (China),2024,"Zhejiang Tion Vanly Tech. Co., Ltd. (Formerly Zhejiang Taihong Machinery & Electronics Co., Ltd.)"
China,Geely,Emgrand (FF) (China),2024,"Zhejiang Tion Vanly Tech. Co., Ltd. (Formerly Zhejiang Taihong Machinery & Electronics Co., Ltd.)"
China,Geely,Emgrand L Hi¡PP (FF) (China),2024,"Zhejiang Tion Vanly Tech. Co., Ltd. (Formerly Zhejiang Taihong Machinery & Electronics Co., Ltd.)"
ASEAN?India?Korea,Great Wall,Tank 300 HEV (Thailand),2024,"AAPICO Hitech Public Co., Ltd."
ASEAN?India?Korea,Honda,WR-V (Indonesia),2024,PT. Indonesia Thai Summit Auto
ASEAN?India?Korea,Hyundai,Stargazer (Indonesia),2024,PT. Indonesia Thai Summit Auto
ASEAN?India?Korea,Hyundai,Stargazer (Indonesia),2024,PT. Indonesia Thai Summit Auto
ASEAN?India?Korea,Isuzu,F-Series (Thailand),2024,"Thai Rung Union Car Public Co., Ltd."
ASEAN?India?Korea,Isuzu,N-Series (Thailand),2024,"Thai Rung Union Car Public Co., Ltd."
Americas,Mazda,CX-3 (Mexico),2024,"Y-TEC KEYLEX Mexico, S.A. de C.V."
Americas,Mazda,CX-30 (Mexico),2024,"Y-TEC KEYLEX Mexico, S.A. de C.V."
Americas,Mazda,Mazda3 Hatchback (Mexico),2024,"Y-TEC KEYLEX Mexico, S.A. de C.V."
Americas,Mazda,Mazda3 Sedan (Mexico),2024,"Y-TEC KEYLEX Mexico, S.A. de C.V."
ASEAN?India?Korea,Mitsubishi,Xpander (Indonesia),2024,PT. Indonesia Thai Summit Auto
ASEAN?India?Korea,Mitsubishi,Xpander Cross (Indonesia),2024,PT. Indonesia Thai Summit Auto
ASEAN?India?Korea,Nissan,Livina (Indonesia),2024,PT. Indonesia Thai Summit Auto
Europe,Renault,Scenic E-TECH (France),2024,SNOP
China,SAIC Passenger Vehicle,MG MG5 (FF) (China),2024,"Zhejiang Tion Vanly Tech. Co., Ltd. (Formerly Zhejiang Taihong Machinery & Electronics Co., Ltd.)"
China,SAIC Volkswagen,Volkswagen ID.4 X (4WD) (China),2024,"Gestamp Automotive Kunshan Co., Ltd."
China,SAIC Volkswagen,Volkswagen ID.4 X (RR) (China),2024,"Gestamp Automotive Kunshan Co., Ltd."
China,SAIC Volkswagen,Volkswagen ID.6 X (4WD) (China),2024,"Gestamp Automotive Kunshan Co., Ltd."
China,SAIC Volkswagen,Volkswagen ID.6 X (RR) (China),2024,"Gestamp Automotive Kunshan Co., Ltd."
Europe,Skoda,Kodiaq (Czech Republic),2024,Gestamp Automocion S.A.
Europe,Toyota,C-HR (Turkiye),2024,Beycelik Gestamp A.S.
Europe,Toyota,C-HR (Turkiye),2024,Toyotetsu Otomotiv Par?alar? ve Ticaret A.?.
Japan,Toyota,Crown Crossover,2024,"Futaba Industrial Co., Ltd."
Japan,Toyota,Lexus RX350,2024,"Futaba Industrial Co., Ltd."
Japan,Toyota,Lexus RX450h+,2024,"Futaba Industrial Co., Ltd."
Japan,Toyota,Lexus RX500h,2024,"Futaba Industrial Co., Ltd."
Americas,Toyota,Sequoia (USA),2024,"Y-TEC KEYLEX Mexico, S.A. de C.V."
Europe,Volkswagen,T7 California (Germany),2024,Linde + Wiemann SE & Co. KG
Americas,Volvo Cars,Volvo EX90 (USA),2024,Gestamp Automocion S.A.
Europe,Audi,Q4 e-tron (Germany),2023,KIRCHHOFF Automotive AG
Europe,Audi,Q4 Sportback e-tron (Germany),2023,KIRCHHOFF Automotive AG
Europe,BMW,2 Series Active Tourer (Germany),2023,KIRCHHOFF Automotive AG
Europe,BMW,iX1 (Germany),2023,"Kirchhoff Automotive (Suzhou) Co., Ltd."
Europe,Citroen,e-Berlingo (Spain),2023,KIRCHHOFF Automotive AG
China,Geely,LYNK & CO 01 (4WD) (China),2023,"Zhejiang Tion Vanly Tech. Co., Ltd. (Formerly Zhejiang Taihong Machinery & Electronics Co., Ltd.)"
China,Geely,LYNK & CO 01 (FF) (China),2023,"Zhejiang Tion Vanly Tech. Co., Ltd. (Formerly Zhejiang Taihong Machinery & Electronics Co., Ltd.)"
China,Geely,LYNK & CO 01 EM-F (FF) (China),2023,"Zhejiang Tion Vanly Tech. Co., Ltd. (Formerly Zhejiang Taihong Machinery & Electronics Co., Ltd.)"
China,Geely,LYNK & CO 01 EM-P (FF) (China),2023,"Zhejiang Tion Vanly Tech. Co., Ltd. (Formerly Zhejiang Taihong Machinery & Electronics Co., Ltd.)"
China,Geely,Emgrand (FF) (China),2023,"Zhejiang Tion Vanly Tech. Co., Ltd. (Formerly Zhejiang Taihong Machinery & Electronics Co., Ltd.)"
China,Geely,Emgrand L Hi¡PP (FF) (China),2023,"Zhejiang Tion Vanly Tech. Co., Ltd. (Formerly Zhejiang Taihong Machinery & Electronics Co., Ltd.)"
China,Great Wall,Haval H6 (FF) (China),2023,"Zhejiang Tion Vanly Tech. Co., Ltd. (Formerly Zhejiang Taihong Machinery & Electronics Co., Ltd.)"
China,Great Wall,Haval H6 DHT-PHEV (FF) (China),2023,"Zhejiang Tion Vanly Tech. Co., Ltd. (Formerly Zhejiang Taihong Machinery & Electronics Co., Ltd.)"
ASEAN?India?Korea,Hyundai,Genesis G90 (Korea),2023,"Hwashin Co., Ltd."
ASEAN?India?Korea,Hyundai,Genesis GV60 (Korea),2023,"Hwashin Co., Ltd."
ASEAN?India?Korea,Isuzu,F-Series (Thailand),2023,"Thai Rung Union Car Public Co., Ltd."
ASEAN?India?Korea,Isuzu,N-Series (Thailand),2023,"Thai Rung Union Car Public Co., Ltd."
Europe,Jaguar Land Rover,Land Rover Range Rover (UK),2023,Alicon Castalloy Ltd.
ASEAN?India?Korea,Mahindra & Mahindra,Mahindra XUV400 (India),2023,ALF Engineering Pvt. Ltd.
ASEAN?India?Korea,Mahindra & Mahindra,Mahindra XUV400 (India),2023,ALF Engineering Pvt. Ltd.
ASEAN?India?Korea,Mahindra & Mahindra,Mahindra XUV400 (India),2023,ALF Engineering Pvt. Ltd.
ASEAN?India?Korea,Maruti Suzuki,Baleno (India),2023,SKH Y-TEC India Pvt. Ltd.
ASEAN?India?Korea,Maruti Suzuki,Baleno (India),2023,SKH Y-TEC India Pvt. Ltd.
ASEAN?India?Korea,Maruti Suzuki,Baleno (India),2023,SKH Y-TEC India Pvt. Ltd.
ASEAN?India?Korea,Maruti Suzuki,Dzire (India),2023,SKH Y-TEC India Pvt. Ltd.
ASEAN?India?Korea,Maruti Suzuki,Fronx (India),2023,SKH Y-TEC India Pvt. Ltd.
ASEAN?India?Korea,Maruti Suzuki,Fronx (India),2023,SKH Y-TEC India Pvt. Ltd.
ASEAN?India?Korea,Maruti Suzuki,Fronx (India),2023,SKH Y-TEC India Pvt. Ltd.
ASEAN?India?Korea,Maruti Suzuki,Fronx (India),2023,SKH Y-TEC India Pvt. Ltd.
ASEAN?India?Korea,Maruti Suzuki,Swift (India),2023,SKH Y-TEC India Pvt. Ltd.
ASEAN?India?Korea,Maruti Suzuki,Swift (India),2023,SKH Y-TEC India Pvt. Ltd.
ASEAN?India?Korea,Maruti Suzuki,Swift (India),2023,SKH Y-TEC India Pvt. Ltd.
Europe,Mercedes-Benz,E-Class (Germany),2023,Gedia Gebrueder Dingerkus GmbH
Europe,Mercedes-Benz,E-Class (Germany),2023,KIRCHHOFF Automotive AG
Europe,Mercedes-Benz,E-Class (Germany),2023,KSM Castings Group GmbH
Europe,Mercedes-Benz,GLC (Germany),2023,MAGNA Formpol Sp. z o.o.
Europe,Mercedes-Benz,Mercedes-AMG GT (Germany),2023,"Nemak, S.A.B. de C.V."
Europe,Opel,Combo-e (Spain),2023,KIRCHHOFF Automotive AG
Europe,Peugeot,e-Partner (Spain),2023,KIRCHHOFF Automotive AG
China,SAIC Passenger Vehicle,MG MG5 (FF) (China),2023,"Zhejiang Tion Vanly Tech. Co., Ltd. (Formerly Zhejiang Taihong Machinery & Electronics Co., Ltd.)"
China,SAIC Volkswagen,Volkswagen ID.4 X (4WD) (China),2023,"Gestamp Automotive Kunshan Co., Ltd."
China,SAIC Volkswagen,Volkswagen ID.4 X (RR) (China),2023,"Gestamp Automotive Kunshan Co., Ltd."
China,SAIC Volkswagen,Volkswagen ID.6 X (4WD) (China),2023,"Gestamp Automotive Kunshan Co., Ltd."
China,SAIC Volkswagen,Volkswagen ID.6 X (RR) (China),2023,"Gestamp Automotive Kunshan Co., Ltd."
Japan,Subaru,BRZ,2023,Ahresty Corporation
Japan,Subaru,Levorg,2023,Ahresty Corporation
Europe,Toyota,C-HR (Turkiye),2023,Beycelik Gestamp A.S.
Europe,Toyota,C-HR (Turkiye),2023,Toyotetsu Otomotiv Par?alar? ve Ticaret A.?.
Japan,Toyota,Crown Crossover,2023,"Futaba Industrial Co., Ltd."
Europe,Volkswagen,ID.4 (Germany),2023,KIRCHHOFF Automotive AG
Europe,Volkswagen,ID.5 (Germany),2023,KIRCHHOFF Automotive AG
Europe,Volkswagen,ID.7 (Germany),2023,KIRCHHOFF Automotive AG
Europe,BMW,i4 (Germany),2022,Marelli Europe S.p.A. (Formerly Magneti Marelli S.p.A.)
Europe,BMW,i4 (Germany),2022,"Nemak, S.A.B. de C.V."
Europe,BMW,X1 (Germany),2022,Mubea Motorkomponenten GmbH
China,Dongfeng Honda,Honda Civic (FF) (China),2022,"Changhua Holding Group Co., Ltd. (Formerly Zhejiang Changhua Auto Parts Co., Ltd.)"
China,Dongfeng Honda,Honda Civic (FF) (China),2022,"Changhua Holding Group Co., Ltd. (Formerly Zhejiang Changhua Auto Parts Co., Ltd.)"
China,Dongfeng Honda,Honda Civic (FF) (China),2022,"Changhua Holding Group Co., Ltd. (Formerly Zhejiang Changhua Auto Parts Co., Ltd.)"
China,FAW Toyota,Toyota Avalon (FF) (China),2022,"Tianjin Futaba Shye Chan Mechanical Co., Ltd."
China,FAW Toyota,Toyota Avalon (FF) (China),2022,"Tianjin Futaba Shye Chan Mechanical Co., Ltd."
China,FAW Toyota,Toyota Avalon Hybrid (FF) (China),2022,"Tianjin Futaba Shye Chan Mechanical Co., Ltd."
China,FAW Toyota,Toyota RAV4 (4WD) (China),2022,"Tianjin Futaba Shye Chan Mechanical Co., Ltd."
China,FAW Toyota,Toyota RAV4 (FF) (China),2022,"Tianjin Futaba Shye Chan Mechanical Co., Ltd."
China,FAW Toyota,Toyota RAV4 Hybrid (FF) (China),2022,"Tianjin Futaba Shye Chan Mechanical Co., Ltd."
Americas,Ford,F-150 Lightning (USA),2022,"Constellium Automotive USA, LLC"
Americas,Ford,F-150 Lightning (USA),2022,L&L Products Inc.
China,GAC Toyota,Toyota Highlander (4WD) (China),2022,"Guangzhou Futaba Auto Parts Co., Ltd."
China,GAC Toyota,Toyota Highlander (4WD) (China),2022,"Guangzhou Futaba Auto Parts Co., Ltd."
China,GAC Toyota,Toyota Highlander (FF) (China),2022,"Guangzhou Futaba Auto Parts Co., Ltd."
China,GAC Toyota,Toyota Levin (FF) (China),2022,"Guangzhou Futaba Auto Parts Co., Ltd."
China,GAC Toyota,Toyota Levin (FF) (China),2022,"Guangzhou Futaba Auto Parts Co., Ltd."
China,GAC Toyota,Toyota Levin Hybrid (FF) (China),2022,"Guangzhou Futaba Auto Parts Co., Ltd."
China,Geely,LYNK & CO 01 (4WD) (China),2022,"Zhejiang Tion Vanly Tech. Co., Ltd. (Formerly Zhejiang Taihong Machinery & Electronics Co., Ltd.)"
China,Geely,LYNK & CO 01 (FF) (China),2022,"Zhejiang Tion Vanly Tech. Co., Ltd. (Formerly Zhejiang Taihong Machinery & Electronics Co., Ltd.)"
China,Geely,LYNK & CO 01 EM-F (FF) (China),2022,"Zhejiang Tion Vanly Tech. Co., Ltd. (Formerly Zhejiang Taihong Machinery & Electronics Co., Ltd.)"
China,Geely,LYNK & CO 01 EM-P (FF) (China),2022,"Zhejiang Tion Vanly Tech. Co., Ltd. (Formerly Zhejiang Taihong Machinery & Electronics Co., Ltd.)"
China,Geely,Emgrand (FF) (China),2022,"Zhejiang Tion Vanly Tech. Co., Ltd. (Formerly Zhejiang Taihong Machinery & Electronics Co., Ltd.)"
China,Geely,Emgrand L Hi¡PP (FF) (China),2022,"Zhejiang Tion Vanly Tech. Co., Ltd. (Formerly Zhejiang Taihong Machinery & Electronics Co., Ltd.)"
China,Great Wall,Haval H6 (FF) (China),2022,"Zhejiang Tion Vanly Tech. Co., Ltd. (Formerly Zhejiang Taihong Machinery & Electronics Co., Ltd.)"
ASEAN?India?Korea,Hyundai,Genesis G80 (Korea),2022,"Sungwoo Hitech Co., Ltd."
ASEAN?India?Korea,Hyundai,Genesis GV70 (Korea),2022,"Sungwoo Hitech Co., Ltd."
ASEAN?India?Korea,Hyundai,IONIQ 5 (Korea),2022,"Hwashin Co., Ltd."
ASEAN?India?Korea,Hyundai,Staria (Korea),2022,"Hwashin Co., Ltd."
ASEAN?India?Korea,Hyundai,Tucson (Korea),2022,"Hwashin Co., Ltd."
ASEAN?India?Korea,Hyundai,Tucson (Korea),2022,"Hwashin Co., Ltd."
ASEAN?India?Korea,Kia,EV6 (Korea),2022,"Hwashin Co., Ltd."
ASEAN?India?Korea,Kia,K8 (Korea),2022,"Hwashin Co., Ltd."
ASEAN?India?Korea,Mahindra & Mahindra,Mahindra XUV700 (India),2022,ALF Engineering Pvt. Ltd.
ASEAN?India?Korea,Mahindra & Mahindra,Mahindra XUV700 (India),2022,ALF Engineering Pvt. Ltd.
ASEAN?India?Korea,Mahindra & Mahindra,Mahindra XUV700 (India),2022,ALF Engineering Pvt. Ltd.
Japan,Mazda,CX-30,2022,"Futaba Kogyo Co., Ltd."
ASEAN?India?Korea,Mazda,CX-30 (Thailand),2022,"Thai Summit Eastern Seaboard Auto Parts Industry Co., Ltd."
Japan,Mazda,Mazda3 Fastback,2022,"Futaba Kogyo Co., Ltd."
ASEAN?India?Korea,Mazda,Mazda3 Fastback (Thailand),2022,"Thai Summit Eastern Seaboard Auto Parts Industry Co., Ltd."
Japan,Mazda,Mazda3 Sedan,2022,"Futaba Kogyo Co., Ltd."
ASEAN?India?Korea,Mazda,Mazda3 Sedan (Thailand),2022,"Thai Summit Eastern Seaboard Auto Parts Industry Co., Ltd."
Europe,Mercedes-Benz,EQE (Germany),2022,Gestamp Automocion S.A.
Europe,Mercedes-Benz,EQE (Germany),2022,Gestamp Automocion S.A.
Europe,Mercedes-Benz,Mercedes-AMG EQS (Germany),2022,Mubea Tailor Rolled Blanks GmbH- Attendorn
Europe,Mercedes-Benz,Mercedes-AMG EQS (Germany),2022,Mubea Tailor Rolled Blanks GmbH- Attendorn
Europe,Mercedes-Benz,EQS (Germany),2022,"Nemak, S.A.B. de C.V."
Europe,Mercedes-Benz,Mercedes-AMG EQS 53 4MATIC+ (Germany),2022,Mubea Tailor Rolled Blanks GmbH- Attendorn
Europe,Mercedes-Benz,Mercedes-AMG EQS 53 4MATIC+ (Germany),2022,Mubea Tailor Rolled Blanks GmbH- Attendorn
Europe,Mercedes-Benz,GLC (Germany),2022,MAGNA Formpol Sp. z o.o.
Japan,Nissan,Ariya,2022,Ryobi Limited
Japan,Nissan,Note Aura,2022,UNIPRES Corporation
Japan,Nissan,Note e-POWER,2022,UNIPRES Corporation
Europe,Opel,Astra (Germany),2022,KIRCHHOFF Automotive AG
Europe,Opel,Movano (Poland),2022,Marelli Europe S.p.A. (Formerly Magneti Marelli S.p.A.)
Europe,Renault,Megane E-TECH Electric (France),2022,Gestamp Automocion S.A.
China,SAIC Passenger Vehicle,MG MG5 (FF) (China),2022,"Zhejiang Tion Vanly Tech. Co., Ltd. (Formerly Zhejiang Taihong Machinery & Electronics Co., Ltd.)"
Americas,Tesla,Model 3 (USA),2022,"DYNA-MIG, A Division Of F&P Mfg., Inc."
Americas,Tesla,Model Y (USA),2022,"DYNA-MIG, A Division Of F&P Mfg., Inc."
Americas,Tesla,Model Y (USA),2022,"DYNA-MIG, A Division Of F&P Mfg., Inc."
Japan,Toyota,Lexus NX200,2022,"Pacific Industrial Co., Ltd."
Japan,Toyota,Lexus NX250,2022,"Pacific Industrial Co., Ltd."
Japan,Toyota,Lexus NX350,2022,"Pacific Industrial Co., Ltd."
Japan,Toyota,Lexus NX350h,2022,"Pacific Industrial Co., Ltd."
Japan,Toyota,Lexus NX450h+,2022,"Pacific Industrial Co., Ltd."
Japan,Toyota,Lexus RX350,2022,"Futaba Industrial Co., Ltd."
Japan,Toyota,Lexus RX450h+,2022,"Futaba Industrial Co., Ltd."
Japan,Toyota,Lexus RX500h,2022,"Futaba Industrial Co., Ltd."
Europe,Volkswagen,ID.5 (Germany),2022,KIRCHHOFF Automotive AG
Europe,Volkswagen,T7 Multivan (Germany),2022,Gedia Gebrueder Dingerkus GmbH
Europe,Audi,A3 Sportback (Germany),2021,Benteler Group (Benteler Automobiltechnik GmbH)
Europe,Audi,Q4 e-tron (Germany),2021,Gestamp Automocion S.A.
Europe,Audi,Q4 e-tron (Germany),2021,KIRCHHOFF Automotive AG
Europe,Audi,Q4 e-tron (Germany),2021,KIRCHHOFF Automotive AG
Europe,Audi,Q4 e-tron (Germany),2021,KIRCHHOFF Automotive AG
Europe,Audi,Q4 e-tron (Germany),2021,Otto Vollmann GmbH & Co. KG
Europe,Audi,Q4 e-tron (Germany),2021,SNOP
Europe,Citroen,e-Berlingo (Spain),2021,KIRCHHOFF Automotive AG
Europe,Daimler,Mercedes-Benz C-Class Sedan (Germany),2021,Gedia Gebrueder Dingerkus GmbH
Europe,Daimler,Mercedes-Benz C-Class Sedan (Germany),2021,KIRCHHOFF Automotive AG
Europe,Daimler,Mercedes-Benz C-Class Sedan (Germany),2021,KSM Castings Group GmbH
Europe,Daimler,Mercedes-Benz C-Class Sedan (Germany),2021,SNOP
Europe,Daimler,Mercedes-Benz EQS (Germany),2021,BBP Kunststoffwerk Marbach Baier GmbH & Co. KG
Europe,Daimler,Mercedes-Benz EQS (Germany),2021,Gedia Gebrueder Dingerkus GmbH
China,FAW,Mazda CX-4 (FF) (China),2021,"Changchun FAWAY Automobile Components Co., Ltd. ¡]Formerly Changchun FAW Sihuan Automobile Co., Ltd.¡^"
Americas,Ford,Expedition (USA),2021,"Constellium Automotive USA, LLC"
Americas,Ford,Lincoln Navigator (USA),2021,"Constellium Automotive USA, LLC"
ASEAN?India?Korea,Honda,Accord (Thailand),2021,"H-ONE Parts (Thailand) Co., Ltd."
ASEAN?India?Korea,Honda,Accord (Thailand),2021,"H-ONE Parts (Thailand) Co., Ltd."
ASEAN?India?Korea,Honda,Accord (Thailand),2021,"H-ONE Parts (Thailand) Co., Ltd."
ASEAN?India?Korea,Honda,Accord (Thailand),2021,"Thai Marujun Co., Ltd."
ASEAN?India?Korea,Honda,Accord (Thailand),2021,"Thai Marujun Co., Ltd."
ASEAN?India?Korea,Honda,Accord Hybrid (Thailand),2021,"H-ONE Parts (Thailand) Co., Ltd."
ASEAN?India?Korea,Honda,Accord Hybrid (Thailand),2021,"H-ONE Parts (Thailand) Co., Ltd."
ASEAN?India?Korea,Honda,Accord Hybrid (Thailand),2021,"H-ONE Parts (Thailand) Co., Ltd."
ASEAN?India?Korea,Honda,BR-V (Thailand),2021,"H-ONE Parts (Thailand) Co., Ltd."
ASEAN?India?Korea,Honda,BR-V (Thailand),2021,"H-ONE Parts (Thailand) Co., Ltd."
ASEAN?India?Korea,Honda,BR-V (Thailand),2021,"H-ONE Parts (Thailand) Co., Ltd."
ASEAN?India?Korea,Honda,City (Thailand),2021,"H-ONE Parts (Thailand) Co., Ltd."
ASEAN?India?Korea,Honda,City (Thailand),2021,"H-ONE Parts (Thailand) Co., Ltd."
ASEAN?India?Korea,Honda,City (Thailand),2021,"H-ONE Parts (Thailand) Co., Ltd."
ASEAN?India?Korea,Honda,City (Thailand),2021,"Thai Marujun Co., Ltd."
ASEAN?India?Korea,Honda,Civic (Thailand),2021,"H-ONE Parts (Thailand) Co., Ltd."
ASEAN?India?Korea,Honda,Civic (Thailand),2021,"H-ONE Parts (Thailand) Co., Ltd."
ASEAN?India?Korea,Honda,Civic (Thailand),2021,"H-ONE Parts (Thailand) Co., Ltd."
Japan,Honda,Clarity Fuel Cell,2021,"H-ONE Co., Ltd."
Japan,Honda,Clarity PHEV,2021,"H-ONE Co., Ltd."
Japan,Honda,CR-V,2021,"H-ONE Co., Ltd."
Japan,Honda,CR-V,2021,"H-ONE Co., Ltd."
ASEAN?India?Korea,Honda,CR-V (Thailand),2021,"H-ONE Parts (Thailand) Co., Ltd."
ASEAN?India?Korea,Honda,CR-V (Thailand),2021,"H-ONE Parts (Thailand) Co., Ltd."
ASEAN?India?Korea,Honda,CR-V (Thailand),2021,"H-ONE Parts (Thailand) Co., Ltd."
Japan,Honda,CR-V e:HEV,2021,"H-ONE Co., Ltd."
Japan,Honda,CR-V e:HEV,2021,"H-ONE Co., Ltd."
Japan,Honda,Fit,2021,"H-ONE Co., Ltd."
Japan,Honda,Fit,2021,"H-ONE Co., Ltd."
Japan,Honda,Fit e:HEV,2021,"H-ONE Co., Ltd."
Japan,Honda,Fit e:HEV,2021,"H-ONE Co., Ltd."
Japan,Honda,Freed,2021,"H-ONE Co., Ltd."
Japan,Honda,Freed +,2021,"H-ONE Co., Ltd."
Japan,Honda,Freed + Hybrid,2021,"H-ONE Co., Ltd."
Japan,Honda,Freed Hybrid,2021,"H-ONE Co., Ltd."
Japan,Honda,Honda e,2021,"H-ONE Co., Ltd."
ASEAN?India?Korea,Honda,HR-V (Thailand),2021,"H-ONE Parts (Thailand) Co., Ltd."
ASEAN?India?Korea,Honda,HR-V (Thailand),2021,"H-ONE Parts (Thailand) Co., Ltd."
ASEAN?India?Korea,Honda,HR-V (Thailand),2021,"H-ONE Parts (Thailand) Co., Ltd."
Japan,Honda,Insight,2021,"H-ONE Co., Ltd."
Japan,Honda,Insight,2021,"H-ONE Co., Ltd."
ASEAN?India?Korea,Honda,Jazz (Thailand),2021,"H-ONE Parts (Thailand) Co., Ltd."
ASEAN?India?Korea,Honda,Jazz (Thailand),2021,"H-ONE Parts (Thailand) Co., Ltd."
ASEAN?India?Korea,Honda,Jazz (Thailand),2021,"H-ONE Parts (Thailand) Co., Ltd."
ASEAN?India?Korea,Honda,Jazz (Thailand),2021,"Thai Marujun Co., Ltd."
Japan,Honda,Legend Hybrid,2021,"H-ONE Co., Ltd."
Japan,Honda,Legend Hybrid,2021,"H-ONE Co., Ltd."
ASEAN?India?Korea,Honda,Mobilio (Thailand),2021,"H-ONE Parts (Thailand) Co., Ltd."
ASEAN?India?Korea,Honda,Mobilio (Thailand),2021,"H-ONE Parts (Thailand) Co., Ltd."
ASEAN?India?Korea,Honda,Mobilio (Thailand),2021,"H-ONE Parts (Thailand) Co., Ltd."
Japan,Honda,N-BOX,2021,"H-ONE Co., Ltd."
Japan,Honda,N-BOX,2021,"H-ONE Co., Ltd."
Japan,Honda,N-BOX,2021,"H-ONE Co., Ltd."
Japan,Honda,N-BOX Custom,2021,"H-ONE Co., Ltd."
Japan,Honda,N-BOX Custom,2021,"H-ONE Co., Ltd."
Japan,Honda,N-BOX Custom,2021,"H-ONE Co., Ltd."
Japan,Honda,N-ONE,2021,"H-ONE Co., Ltd."
Japan,Honda,N-ONE,2021,"H-ONE Co., Ltd."
Japan,Honda,N-ONE,2021,"H-ONE Co., Ltd."
Japan,Honda,N-VAN,2021,"H-ONE Co., Ltd."
Japan,Honda,N-VAN,2021,"H-ONE Co., Ltd."
Japan,Honda,N-VAN,2021,"H-ONE Co., Ltd."
Japan,Honda,N-WGN,2021,"H-ONE Co., Ltd."
Japan,Honda,N-WGN,2021,"H-ONE Co., Ltd."
Japan,Honda,N-WGN,2021,"H-ONE Co., Ltd."
Japan,Honda,N-WGN Custom,2021,"H-ONE Co., Ltd."
Japan,Honda,N-WGN Custom,2021,"H-ONE Co., Ltd."
Japan,Honda,N-WGN Custom,2021,"H-ONE Co., Ltd."
Japan,Honda,Odyssey,2021,"H-ONE Co., Ltd."
Japan,Honda,Odyssey,2021,"H-ONE Co., Ltd."
Japan,Honda,Odyssey,2021,"H-ONE Co., Ltd."
Japan,Honda,Odyssey e:HEV,2021,"H-ONE Co., Ltd."
Japan,Honda,Odyssey e:HEV,2021,"H-ONE Co., Ltd."
Japan,Honda,Odyssey e:HEV,2021,"H-ONE Co., Ltd."
Japan,Honda,Shuttle,2021,"H-ONE Co., Ltd."
Japan,Honda,Shuttle,2021,"H-ONE Co., Ltd."
Japan,Honda,Shuttle,2021,"H-ONE Co., Ltd."
Japan,Honda,Shuttle Hybrid,2021,"H-ONE Co., Ltd."
Japan,Honda,Shuttle Hybrid,2021,"H-ONE Co., Ltd."
Japan,Honda,Shuttle Hybrid,2021,"H-ONE Co., Ltd."
Japan,Honda,Vezel,2021,"H-ONE Co., Ltd."
Japan,Honda,Vezel,2021,"H-ONE Co., Ltd."
Japan,Honda,Vezel,2021,"H-ONE Co., Ltd."
Japan,Honda,Vezel Hybrid,2021,"H-ONE Co., Ltd."
Japan,Honda,Vezel Hybrid,2021,"H-ONE Co., Ltd."
Japan,Honda,Vezel Hybrid,2021,"H-ONE Co., Ltd."
ASEAN?India?Korea,Hyundai,Avante N (Korea),2021,"Hwashin Co., Ltd."
ASEAN?India?Korea,Hyundai,Genesis Electrified G80 (Korea),2021,"Hwashin Co., Ltd."
ASEAN?India?Korea,Isuzu,D-Max (Thailand),2021,"Thai Rung Union Car Public Co., Ltd."
ASEAN?India?Korea,Isuzu,mu-X (Thailand),2021,"Thai Rung Union Car Public Co., Ltd."
ASEAN?India?Korea,Jeep,Compass (India),2021,Magna International Inc.
Americas,Jeep,Wrangler (USA),2021,UACJ Corporation
ASEAN?India?Korea,Kia,Sorento (Korea),2021,"Hyundai Mobis Co., Ltd."
ASEAN?India?Korea,Mahindra & Mahindra,Mahindra XUV500 (India),2021,Jay Bharat Maruti Ltd. (JBML)
ASEAN?India?Korea,Mahindra & Mahindra,Mahindra XUV700 (India),2021,Jay Bharat Maruti Ltd. (JBML)
ASEAN?India?Korea,Nissan,Almera (Thailand),2021,"Thai Marujun Co., Ltd."
ASEAN?India?Korea,Nissan,Kicks e-POWER (Thailand),2021,"Thai Marujun Co., Ltd."
Europe,Opel,Combo-e Life (Spain),2021,KIRCHHOFF Automotive AG
Europe,Opel,Mokka (Spain),2021,ArcelorMittal S.A.
Europe,Opel,Mokka (Spain),2021,voestalpine AG
Europe,Peugeot,e-Partner (Spain),2021,KIRCHHOFF Automotive AG
Europe,SEAT,CUPRA Born (Germany),2021,Meleghy Automotive GmbH & Co. KG
Europe,Skoda,Enyaq iV (Czech Republic),2021,KIRCHHOFF Automotive AG
Americas,Tesla,Model 3 (USA),2021,"DYNA-MIG, A Division Of F&P Mfg., Inc."
Americas,Tesla,Model X (USA),2021,"Plasticos Automotrices de Sahagun, S.A. de C.V"
Americas,Tesla,Model Y (USA),2021,"DYNA-MIG, A Division Of F&P Mfg., Inc."
Americas,Tesla,Model Y (USA),2021,Shape Corp. -World Headquarters
Americas,Tesla,Model Y (USA),2021,Shape Corp. -World Headquarters
ASEAN?India?Korea,Toyota,Fortuner (Thailand),2021,"Kyokuyo Industrial (Thailand) Co., Ltd."
Japan,Toyota,Hiace Van,2021,"Toyotomi Kiko Co., Ltd."
Japan,Toyota,Hiace Wagon,2021,"Toyotomi Kiko Co., Ltd."
ASEAN?India?Korea,Toyota,Hilux Revo (Thailand),2021,"Kyokuyo Industrial (Thailand) Co., Ltd."
Europe,Volkswagen,Caddy (Poland),2021,KIRCHHOFF Automotive AG
Europe,Volkswagen,Caddy (Poland),2021,SNOP
Europe,Volkswagen,ID.3 (Germany),2021,KIRCHHOFF Automotive AG
Europe,Volkswagen,ID.4 (Germany),2021,KIRCHHOFF Automotive AG
Europe,Volkswagen,ID.4 (Germany),2021,KIRCHHOFF Automotive AG
Europe,Audi,e-tron Sportback (Belgium),2020,Linde + Wiemann SE & Co. KG
Japan,Daihatsu,Altis Hybrid,2020,"Toyoda Iron Works Co., Ltd."
Europe,Daimler,Mercedes-Benz EQV (Spain),2020,Gedia Gebrueder Dingerkus GmbH
Europe,Daimler,Mercedes-Benz EQV (Spain),2020,Linde + Wiemann SE & Co. KG
Americas,Daimler,Mercedes-Benz GLS (USA),2020,Benteler Group (Benteler Automobiltechnik GmbH)
Americas,Daimler,Mercedes-Benz GLS (USA),2020,Gestamp Automocion S.A.
Europe,Daimler,Mercedes-Benz S-Class (Germany),2020,KSM Castings Group GmbH
Europe,Daimler,Mercedes-Benz S-Class (Germany),2020,L?PPLE AG
Europe,Daimler,Mercedes-Benz S-Class (Germany),2020,M?hlhoff Umformtechnik GmbH
ASEAN?India?Korea,Honda,Accord (Thailand),2020,"Thai Marujun Co., Ltd."
ASEAN?India?Korea,Honda,Accord (Thailand),2020,"Thai Marujun Co., Ltd."
ASEAN?India?Korea,Honda,City (Thailand),2020,"Thai Marujun Co., Ltd."
Japan,Honda,Civic Sedan,2020,"H-ONE Co., Ltd."
Japan,Honda,Civic Sedan,2020,"H-ONE Co., Ltd."
Japan,Honda,Clarity Fuel Cell,2020,"H-ONE Co., Ltd."
Japan,Honda,Clarity PHEV,2020,"H-ONE Co., Ltd."
Japan,Honda,CR-V,2020,"H-ONE Co., Ltd."
Japan,Honda,CR-V,2020,"H-ONE Co., Ltd."
Japan,Honda,Fit,2020,"H-ONE Co., Ltd."
Japan,Honda,Fit,2020,"H-ONE Co., Ltd."
Japan,Honda,Fit Hybrid,2020,"H-ONE Co., Ltd."
Japan,Honda,Fit Hybrid,2020,"H-ONE Co., Ltd."
Japan,Honda,Freed,2020,"H-ONE Co., Ltd."
Japan,Honda,Freed +,2020,"H-ONE Co., Ltd."
Japan,Honda,Freed + Hybrid,2020,"H-ONE Co., Ltd."
Japan,Honda,Freed Hybrid,2020,"H-ONE Co., Ltd."
Japan,Honda,Grace,2020,"H-ONE Co., Ltd."
Japan,Honda,Grace,2020,"H-ONE Co., Ltd."
Japan,Honda,Grace Hybrid,2020,"H-ONE Co., Ltd."
Japan,Honda,Grace Hybrid,2020,"H-ONE Co., Ltd."
Japan,Honda,Insight,2020,"H-ONE Co., Ltd."
Japan,Honda,Insight,2020,"H-ONE Co., Ltd."
Japan,Honda,Jade,2020,"H-ONE Co., Ltd."
Japan,Honda,Jade,2020,"H-ONE Co., Ltd."
Japan,Honda,Jade Hybrid,2020,"H-ONE Co., Ltd."
Japan,Honda,Jade Hybrid,2020,"H-ONE Co., Ltd."
ASEAN?India?Korea,Honda,Jazz (Thailand),2020,"Thai Marujun Co., Ltd."
Japan,Honda,Legend Hybrid,2020,"H-ONE Co., Ltd."
Japan,Honda,Legend Hybrid,2020,"H-ONE Co., Ltd."
Japan,Honda,N-BOX,2020,"H-ONE Co., Ltd."
Japan,Honda,N-BOX Custom,2020,"H-ONE Co., Ltd."
Japan,Honda,N-BOX Slash,2020,"H-ONE Co., Ltd."
Japan,Honda,N-VAN,2020,"H-ONE Co., Ltd."
Japan,Honda,N-VAN,2020,"H-ONE Co., Ltd."
Japan,Honda,N-WGN,2020,"H-ONE Co., Ltd."
Japan,Honda,N-WGN Custom,2020,"H-ONE Co., Ltd."
Japan,Honda,Odyssey,2020,"H-ONE Co., Ltd."
Japan,Honda,Odyssey,2020,"H-ONE Co., Ltd."
Japan,Honda,Odyssey,2020,"H-ONE Co., Ltd."
Japan,Honda,Odyssey Hybrid,2020,"H-ONE Co., Ltd."
Japan,Honda,Odyssey Hybrid,2020,"H-ONE Co., Ltd."
Japan,Honda,Odyssey Hybrid,2020,"H-ONE Co., Ltd."
Japan,Honda,Acura RLX,2020,"H-ONE Co., Ltd."
Japan,Honda,Acura RLX Hybrid,2020,"H-ONE Co., Ltd."
Japan,Honda,Shuttle,2020,"H-ONE Co., Ltd."
Japan,Honda,Shuttle,2020,"H-ONE Co., Ltd."
Japan,Honda,Shuttle Hybrid,2020,"H-ONE Co., Ltd."
Japan,Honda,Shuttle Hybrid,2020,"H-ONE Co., Ltd."
Japan,Honda,Vezel,2020,"H-ONE Co., Ltd."
Japan,Honda,Vezel,2020,"H-ONE Co., Ltd."
Japan,Honda,Vezel Hybrid,2020,"H-ONE Co., Ltd."
Japan,Honda,Vezel Hybrid,2020,"H-ONE Co., Ltd."
ASEAN?India?Korea,Mahindra & Mahindra,Mahindra KUV100 (India),2020,Jay Bharat Maruti Ltd. (JBML)
ASEAN?India?Korea,Mahindra & Mahindra,Mahindra TUV300 (India),2020,Jay Bharat Maruti Ltd. (JBML)
ASEAN?India?Korea,Mitsubishi,Attrage (Thailand),2020,"Bangkok Eagle Wings Co., Ltd."
ASEAN?India?Korea,Mitsubishi,Mirage (Thailand),2020,"Bangkok Eagle Wings Co., Ltd."
ASEAN?India?Korea,Nissan,Almera (Thailand),2020,"Thai Marujun Co., Ltd."
ASEAN?India?Korea,Nissan,Kicks e-POWER (Thailand),2020,"Thai Marujun Co., Ltd."
Europe,Opel,Corsa-e (Spain),2020,SNOP
Europe,Opel,Corsa-e (Spain),2020,voestalpine AG
Europe,Peugeot,208 (Slovakia),2020,SNOP
Europe,SEAT,CUPRA el-Born (Germany),2020,Meleghy Automotive GmbH & Co. KG
Europe,SEAT,Leon (Spain),2020,Benteler Group (Benteler Automobiltechnik GmbH)
Europe,SEAT,Leon (Spain),2020,Gestamp Automocion S.A.
Europe,SEAT,Leon (Spain),2020,Gestamp Automocion S.A.
Europe,Skoda,Kamiq (Czech Republic),2020,Gestamp Automocion S.A.
Europe,Skoda,Octavia (Czech Republic),2020,Benteler Group (Benteler Automobiltechnik GmbH)
ASEAN?India?Korea,Suzuki,Celerio (Thailand),2020,"Bangkok Eagle Wings Co., Ltd."
ASEAN?India?Korea,Suzuki,Ciaz (Thailand),2020,"Bangkok Eagle Wings Co., Ltd."
ASEAN?India?Korea,Suzuki,Swift (Thailand),2020,"Bangkok Eagle Wings Co., Ltd."
ASEAN?India?Korea,Tata,Nexon (India),2020,Jay Bharat Maruti Ltd. (JBML)
Americas,Tesla,Model 3 (USA),2020,"DYNA-MIG, A Division Of F&P Mfg., Inc."
Americas,Tesla,Model Y (USA),2020,"DYNA-MIG, A Division Of F&P Mfg., Inc."
Americas,Tesla,Model Y (USA),2020,"DYNA-MIG, A Division Of F&P Mfg., Inc."
Japan,Toyota,C-HR,2020,"Toyoda Iron Works Co., Ltd."
Japan,Toyota,C-HR Hybrid,2020,"Toyoda Iron Works Co., Ltd."
Japan,Toyota,Camry Hybrid,2020,"Toyoda Iron Works Co., Ltd."
Japan,Toyota,Corolla,2020,"Toyoda Iron Works Co., Ltd."
Japan,Toyota,Corolla,2020,"Toyoda Iron Works Co., Ltd."
Japan,Toyota,Corolla Axio,2020,"Toyoda Iron Works Co., Ltd."
Japan,Toyota,Corolla Axio Hybrid,2020,"Toyoda Iron Works Co., Ltd."
Japan,Toyota,Corolla Fielder,2020,"Toyoda Iron Works Co., Ltd."
Japan,Toyota,Corolla Fielder,2020,"Toyoda Iron Works Co., Ltd."
Japan,Toyota,Corolla Fielder Hybrid,2020,"Toyoda Iron Works Co., Ltd."
Japan,Toyota,Corolla Fielder Hybrid,2020,"Toyoda Iron Works Co., Ltd."
Japan,Toyota,Corolla Hybrid,2020,"Kyoho Machine Works, Ltd."
Japan,Toyota,Corolla Hybrid,2020,"Toyoda Iron Works Co., Ltd."
Japan,Toyota,Corolla Hybrid,2020,"Toyoda Iron Works Co., Ltd."
Japan,Toyota,Corolla Sport,2020,"Toyoda Iron Works Co., Ltd."
Japan,Toyota,Corolla Sport Hybrid,2020,"Toyoda Iron Works Co., Ltd."
Japan,Toyota,Corolla Touring,2020,"Toyoda Iron Works Co., Ltd."
Japan,Toyota,Corolla Touring Hybrid,2020,"Toyoda Iron Works Co., Ltd."
Japan,Toyota,Crown,2020,"Kyoho Machine Works, Ltd."
Japan,Toyota,Crown,2020,"Toyoda Iron Works Co., Ltd."
Japan,Toyota,Crown Hybrid,2020,"Kyoho Machine Works, Ltd."
Japan,Toyota,Crown Hybrid,2020,"Toyoda Iron Works Co., Ltd."
Japan,Toyota,Lexus CT200h,2020,"Toyoda Iron Works Co., Ltd."
Japan,Toyota,Lexus ES300h,2020,"Toyoda Iron Works Co., Ltd."
ASEAN?India?Korea,Toyota,Fortuner (Thailand),2020,"Kyokuyo Industrial (Thailand) Co., Ltd."
ASEAN?India?Korea,Toyota,Hilux Revo (Thailand),2020,"Kyokuyo Industrial (Thailand) Co., Ltd."
Japan,Toyota,Lexus IS300,2020,"Kyoho Machine Works, Ltd."
Japan,Toyota,Lexus IS300h,2020,"Kyoho Machine Works, Ltd."
Japan,Toyota,Lexus IS350,2020,"Kyoho Machine Works, Ltd."
Japan,Toyota,JPN Taxi,2020,"Toyoda Iron Works Co., Ltd."
Japan,Toyota,Lexus LC500,2020,"Toyoda Iron Works Co., Ltd."
Japan,Toyota,Lexus LC500h,2020,"Toyoda Iron Works Co., Ltd."
Japan,Toyota,Lexus LS500,2020,"Kyoho Machine Works, Ltd."
Japan,Toyota,Lexus LS500,2020,"Toyoda Iron Works Co., Ltd."
Japan,Toyota,Lexus LS500h,2020,"Kyoho Machine Works, Ltd."
Japan,Toyota,Lexus LS500h,2020,"Toyoda Iron Works Co., Ltd."
Japan,Toyota,MIRAI,2020,"Toyoda Iron Works Co., Ltd."
Japan,Toyota,Noah,2020,"Toyoda Iron Works Co., Ltd."
Japan,Toyota,Noah Hybrid,2020,"Toyoda Iron Works Co., Ltd."
Japan,Toyota,Lexus NX300,2020,"Kyoho Machine Works, Ltd."
Japan,Toyota,Lexus NX300h,2020,"Kyoho Machine Works, Ltd."
Japan,Toyota,Porte,2020,"Kyoho Machine Works, Ltd."
Japan,Toyota,Porte,2020,"Toyoda Iron Works Co., Ltd."
Japan,Toyota,Prius,2020,"Toyoda Iron Works Co., Ltd."
Japan,Toyota,Prius PHV,2020,"Toyoda Iron Works Co., Ltd."
Japan,Toyota,RAV4,2020,"Kyoho Machine Works, Ltd."
Japan,Toyota,RAV4 Hybrid,2020,"Kyoho Machine Works, Ltd."
Japan,Toyota,Sienta,2020,"Toyoda Iron Works Co., Ltd."
Japan,Toyota,Sienta Hybrid,2020,"Toyoda Iron Works Co., Ltd."
Japan,Toyota,Spade,2020,"Kyoho Machine Works, Ltd."
Japan,Toyota,Spade,2020,"Toyoda Iron Works Co., Ltd."
Japan,Toyota,Lexus UX200,2020,"Toyoda Iron Works Co., Ltd."
Japan,Toyota,Lexus UX250h,2020,"Toyoda Iron Works Co., Ltd."
Japan,Toyota,Voxy,2020,"Toyoda Iron Works Co., Ltd."
Japan,Toyota,Voxy Hybrid,2020,"Toyoda Iron Works Co., Ltd."
Japan,Toyota,Yaris,2020,"Toyoda Iron Works Co., Ltd."
Europe,Volkswagen,Caddy (Poland),2020,KIRCHHOFF Automotive AG
Europe,Volkswagen,Caddy (Poland),2020,SNOP
Europe,Volkswagen,ID.3 (Germany),2020,voestalpine AG
Europe,Volkswagen,T-Roc (Portugal),2020,Gestamp Automocion S.A.
Europe,Daimler,Mercedes-Benz EQC (Germany),2019,voestalpine AG
China,Dongfeng Honda,Honda CR-V (FF) (China),2019,"Wuhan Hesheng Automotive Parts Co., Ltd."
China,Dongfeng Honda,Honda CR-V (FF) (China),2019,"Wuhan Hesheng Automotive Parts Co., Ltd."
China,FAW Toyota,Toyota Corolla (FF) (China),2019,Tianjin Keylex Automotive Parts Corporation
ASEAN?India?Korea,Honda,Accord (Thailand),2019,"H-ONE Parts (Thailand) Co., Ltd."
ASEAN?India?Korea,Honda,Accord (Thailand),2019,"H-ONE Parts (Thailand) Co., Ltd."
ASEAN?India?Korea,Honda,Accord (Thailand),2019,"H-ONE Parts (Thailand) Co., Ltd."
ASEAN?India?Korea,Honda,Accord Hybrid (Thailand),2019,"H-ONE Parts (Thailand) Co., Ltd."
ASEAN?India?Korea,Honda,Accord Hybrid (Thailand),2019,"H-ONE Parts (Thailand) Co., Ltd."
ASEAN?India?Korea,Honda,Accord Hybrid (Thailand),2019,"H-ONE Parts (Thailand) Co., Ltd."
ASEAN?India?Korea,Honda,BR-V (Thailand),2019,"H-ONE Parts (Thailand) Co., Ltd."
ASEAN?India?Korea,Honda,BR-V (Thailand),2019,"H-ONE Parts (Thailand) Co., Ltd."
ASEAN?India?Korea,Honda,BR-V (Thailand),2019,"H-ONE Parts (Thailand) Co., Ltd."
ASEAN?India?Korea,Honda,City (Thailand),2019,"H-ONE Parts (Thailand) Co., Ltd."
ASEAN?India?Korea,Honda,City (Thailand),2019,"H-ONE Parts (Thailand) Co., Ltd."
ASEAN?India?Korea,Honda,City (Thailand),2019,"H-ONE Parts (Thailand) Co., Ltd."
ASEAN?India?Korea,Honda,Civic (Thailand),2019,"H-ONE Parts (Thailand) Co., Ltd."
ASEAN?India?Korea,Honda,Civic (Thailand),2019,"H-ONE Parts (Thailand) Co., Ltd."
ASEAN?India?Korea,Honda,Civic (Thailand),2019,"H-ONE Parts (Thailand) Co., Ltd."
ASEAN?India?Korea,Honda,CR-V (Thailand),2019,"H-ONE Parts (Thailand) Co., Ltd."
ASEAN?India?Korea,Honda,CR-V (Thailand),2019,"H-ONE Parts (Thailand) Co., Ltd."
ASEAN?India?Korea,Honda,CR-V (Thailand),2019,"H-ONE Parts (Thailand) Co., Ltd."
ASEAN?India?Korea,Honda,HR-V (Thailand),2019,"H-ONE Parts (Thailand) Co., Ltd."
ASEAN?India?Korea,Honda,HR-V (Thailand),2019,"H-ONE Parts (Thailand) Co., Ltd."
ASEAN?India?Korea,Honda,HR-V (Thailand),2019,"H-ONE Parts (Thailand) Co., Ltd."
ASEAN?India?Korea,Honda,Jazz (Thailand),2019,"H-ONE Parts (Thailand) Co., Ltd."
ASEAN?India?Korea,Honda,Jazz (Thailand),2019,"H-ONE Parts (Thailand) Co., Ltd."
ASEAN?India?Korea,Honda,Jazz (Thailand),2019,"H-ONE Parts (Thailand) Co., Ltd."
ASEAN?India?Korea,Honda,Mobilio (Thailand),2019,"H-ONE Parts (Thailand) Co., Ltd."
ASEAN?India?Korea,Honda,Mobilio (Thailand),2019,"H-ONE Parts (Thailand) Co., Ltd."
ASEAN?India?Korea,Honda,Mobilio (Thailand),2019,"H-ONE Parts (Thailand) Co., Ltd."
ASEAN?India?Korea,Isuzu,D-Max (Thailand),2019,"Thai Rung Union Car Public Co., Ltd."
ASEAN?India?Korea,Isuzu,mu-X (Thailand),2019,"Thai Rung Union Car Public Co., Ltd."
Europe,Porsche,911 (Germany),2019,L?PPLE AG
Europe,Porsche,911 (Germany),2019,Linamar Corporation
Europe,Audi,e-tron (Belgium),2018,Linde + Wiemann SE & Co. KG
Europe,Daimler,Mercedes-Benz A-Class (Germany),2018,voestalpine AG
Europe,Daimler,Mercedes-Benz G-Class (Austria),2018,voestalpine AG
ASEAN?India?Korea,Honda,Accord (Thailand),2018,"H-ONE Parts (Thailand) Co., Ltd."
ASEAN?India?Korea,Honda,Accord (Thailand),2018,"H-ONE Parts (Thailand) Co., Ltd."
ASEAN?India?Korea,Honda,Accord (Thailand),2018,"H-ONE Parts (Thailand) Co., Ltd."
ASEAN?India?Korea,Honda,Accord (Thailand),2018,"Thai Marujun Co., Ltd."
ASEAN?India?Korea,Honda,Accord (Thailand),2018,"Thai Marujun Co., Ltd."
ASEAN?India?Korea,Honda,Accord Hybrid (Thailand),2018,"H-ONE Parts (Thailand) Co., Ltd."
ASEAN?India?Korea,Honda,Accord Hybrid (Thailand),2018,"H-ONE Parts (Thailand) Co., Ltd."
ASEAN?India?Korea,Honda,Accord Hybrid (Thailand),2018,"H-ONE Parts (Thailand) Co., Ltd."
ASEAN?India?Korea,Honda,BR-V (Thailand),2018,"H-ONE Parts (Thailand) Co., Ltd."
ASEAN?India?Korea,Honda,BR-V (Thailand),2018,"H-ONE Parts (Thailand) Co., Ltd."
ASEAN?India?Korea,Honda,BR-V (Thailand),2018,"H-ONE Parts (Thailand) Co., Ltd."
ASEAN?India?Korea,Honda,Brio (Thailand),2018,"H-ONE Parts (Thailand) Co., Ltd."
ASEAN?India?Korea,Honda,Brio (Thailand),2018,"H-ONE Parts (Thailand) Co., Ltd."
ASEAN?India?Korea,Honda,Brio (Thailand),2018,"H-ONE Parts (Thailand) Co., Ltd."
ASEAN?India?Korea,Honda,Brio (Thailand),2018,"Thai Marujun Co., Ltd."
ASEAN?India?Korea,Honda,Brio Amaze (Thailand),2018,"H-ONE Parts (Thailand) Co., Ltd."
ASEAN?India?Korea,Honda,Brio Amaze (Thailand),2018,"H-ONE Parts (Thailand) Co., Ltd."
ASEAN?India?Korea,Honda,Brio Amaze (Thailand),2018,"H-ONE Parts (Thailand) Co., Ltd."
ASEAN?India?Korea,Honda,Brio Amaze (Thailand),2018,"Thai Marujun Co., Ltd."
ASEAN?India?Korea,Honda,City (Thailand),2018,"H-ONE Parts (Thailand) Co., Ltd."
ASEAN?India?Korea,Honda,City (Thailand),2018,"H-ONE Parts (Thailand) Co., Ltd."
ASEAN?India?Korea,Honda,City (Thailand),2018,"H-ONE Parts (Thailand) Co., Ltd."
ASEAN?India?Korea,Honda,City (Thailand),2018,"Thai Marujun Co., Ltd."
ASEAN?India?Korea,Honda,City CNG (Thailand),2018,"H-ONE Parts (Thailand) Co., Ltd."
ASEAN?India?Korea,Honda,City CNG (Thailand),2018,"H-ONE Parts (Thailand) Co., Ltd."
ASEAN?India?Korea,Honda,City CNG (Thailand),2018,"H-ONE Parts (Thailand) Co., Ltd."
ASEAN?India?Korea,Honda,Civic (Thailand),2018,"H-ONE Parts (Thailand) Co., Ltd."
ASEAN?India?Korea,Honda,Civic (Thailand),2018,"H-ONE Parts (Thailand) Co., Ltd."
ASEAN?India?Korea,Honda,Civic (Thailand),2018,"H-ONE Parts (Thailand) Co., Ltd."
ASEAN?India?Korea,Honda,CR-V (Thailand),2018,"H-ONE Parts (Thailand) Co., Ltd."
ASEAN?India?Korea,Honda,CR-V (Thailand),2018,"H-ONE Parts (Thailand) Co., Ltd."
ASEAN?India?Korea,Honda,CR-V (Thailand),2018,"H-ONE Parts (Thailand) Co., Ltd."
ASEAN?India?Korea,Honda,HR-V (Thailand),2018,"H-ONE Parts (Thailand) Co., Ltd."
ASEAN?India?Korea,Honda,HR-V (Thailand),2018,"H-ONE Parts (Thailand) Co., Ltd."
ASEAN?India?Korea,Honda,HR-V (Thailand),2018,"H-ONE Parts (Thailand) Co., Ltd."
ASEAN?India?Korea,Honda,Jazz (Thailand),2018,"H-ONE Parts (Thailand) Co., Ltd."
ASEAN?India?Korea,Honda,Jazz (Thailand),2018,"H-ONE Parts (Thailand) Co., Ltd."
ASEAN?India?Korea,Honda,Jazz (Thailand),2018,"H-ONE Parts (Thailand) Co., Ltd."
ASEAN?India?Korea,Honda,Jazz (Thailand),2018,"Thai Marujun Co., Ltd."
ASEAN?India?Korea,Honda,Mobilio (Thailand),2018,"H-ONE Parts (Thailand) Co., Ltd."
ASEAN?India?Korea,Honda,Mobilio (Thailand),2018,"H-ONE Parts (Thailand) Co., Ltd."
ASEAN?India?Korea,Honda,Mobilio (Thailand),2018,"H-ONE Parts (Thailand) Co., Ltd."
Europe,Hyundai,Tucson (Czech Republic),2018,"Donghee Slovakia, s.r.o."
Europe,Kia,cee'd (Slovakia),2018,"Donghee Slovakia, s.r.o."
Europe,Kia,cee'd (Slovakia),2018,"Donghee Slovakia, s.r.o."
Europe,Kia,Sportage (Slovakia),2018,"Donghee Slovakia, s.r.o."
ASEAN?India?Korea,Mahindra & Mahindra,Mahindra Jeeto (India),2018,ALF Engineering Pvt. Ltd.
ASEAN?India?Korea,Mitsubishi,Attrage (Thailand),2018,"Bangkok Eagle Wings Co., Ltd."
ASEAN?India?Korea,Mitsubishi,Mirage (Thailand),2018,"Bangkok Eagle Wings Co., Ltd."
Americas,Subaru,Ascent (USA),2018,"TOA (USA), LLC"
ASEAN?India?Korea,Suzuki,Celerio (Thailand),2018,"Bangkok Eagle Wings Co., Ltd."
ASEAN?India?Korea,Suzuki,Ciaz (Thailand),2018,"Bangkok Eagle Wings Co., Ltd."
ASEAN?India?Korea,Suzuki,Swift (Thailand),2018,"Bangkok Eagle Wings Co., Ltd."
ASEAN?India?Korea,Tata,Hexa (India),2018,Mungi Engineers Pvt. Ltd.
ASEAN?India?Korea,Tata,Safari Storme (India),2018,ALF Engineering Pvt. Ltd.
ASEAN?India?Korea,Tata,Safari Storme (India),2018,Mungi Engineers Pvt. Ltd.
Europe,Volkswagen,Golf GTE (Germany),2018,Benteler Group (Benteler Automobiltechnik GmbH)
Europe,Volvo Cars,Volvo V60 (Belgium),2018,Gestamp Automocion S.A.
Europe,Audi,A8 (Germany),2017,Gestamp Automocion S.A.
Europe,Audi,A8 (Germany),2017,Snop Automotive Cologne GmbH (Formerly Tower Automotive Holding GmbH)
China,Beijing Hyundai,Hyundai Verna (FF) (China),2017,"Cangzhou Mopam Auto Parts Co., Ltd."
Europe,BMW,550i Gran Turismo (Germany),2017,Continental AG
Europe,BMW,750i (Germany),2017,Continental AG
China,BMW Brilliance,Zinoro 60H (China),2017,"Gestamp Auto Components (Shenyang) Co., Ltd."
China,FAW,Mazda CX-4 (China),2017,"Fawer Y-Tec Automotive Chassis System Co., Ltd. (Formerly Changchun Tower Golden Ring Automotive Products Co. Ltd.)"
China,FAW-Volkswagen,Volkswagen Jetta (FF) (China),2017,"Chengdu Hongcheng Automotive Parts Manufacturing Co., Ltd."
China,FAW-Volkswagen,Volkswagen Jetta (FF) (China),2017,"Chengdu Hongcheng Automotive Parts Manufacturing Co., Ltd."
China,FAW-Volkswagen,Volkswagen Sagitar (FF) (China),2017,"Chengdu Hongcheng Automotive Parts Manufacturing Co., Ltd."
Americas,GM,Chevrolet Traverse (USA),2017,"Shiloh Industries, Inc."
ASEAN?India?Korea,Honda,Accord (Thailand),2017,"H-ONE Parts (Thailand) Co., Ltd."
ASEAN?India?Korea,Honda,Accord (Thailand),2017,"H-ONE Parts (Thailand) Co., Ltd."
ASEAN?India?Korea,Honda,Accord (Thailand),2017,"H-ONE Parts (Thailand) Co., Ltd."
ASEAN?India?Korea,Honda,Accord (Thailand),2017,"Thai Marujun Co., Ltd."
ASEAN?India?Korea,Honda,Accord (Thailand),2017,"Thai Marujun Co., Ltd."
ASEAN?India?Korea,Honda,Amaze (India),2017,"H-ONE India Pvt., Ltd."
ASEAN?India?Korea,Honda,Amaze (India),2017,"H-ONE India Pvt., Ltd."
ASEAN?India?Korea,Honda,Brio (India),2017,"H-ONE India Pvt., Ltd."
ASEAN?India?Korea,Honda,Brio (India),2017,"H-ONE India Pvt., Ltd."
ASEAN?India?Korea,Honda,Brio (Thailand),2017,"H-ONE Parts (Thailand) Co., Ltd."
ASEAN?India?Korea,Honda,Brio (Thailand),2017,"H-ONE Parts (Thailand) Co., Ltd."
ASEAN?India?Korea,Honda,Brio (Thailand),2017,"H-ONE Parts (Thailand) Co., Ltd."
ASEAN?India?Korea,Honda,Brio (Thailand),2017,"Thai Marujun Co., Ltd."
ASEAN?India?Korea,Honda,Brio (Thailand),2017,"Thai Marujun Co., Ltd."
ASEAN?India?Korea,Honda,Brio Amaze (Thailand),2017,"H-ONE Parts (Thailand) Co., Ltd."
ASEAN?India?Korea,Honda,Brio Amaze (Thailand),2017,"H-ONE Parts (Thailand) Co., Ltd."
ASEAN?India?Korea,Honda,Brio Amaze (Thailand),2017,"H-ONE Parts (Thailand) Co., Ltd."
ASEAN?India?Korea,Honda,Brio Amaze (Thailand),2017,"Thai Marujun Co., Ltd."
ASEAN?India?Korea,Honda,Brio Amaze (Thailand),2017,"Thai Marujun Co., Ltd."
ASEAN?India?Korea,Honda,City (India),2017,"H-ONE India Pvt., Ltd."
ASEAN?India?Korea,Honda,City (India),2017,"H-ONE India Pvt., Ltd."
ASEAN?India?Korea,Honda,City (Thailand),2017,"H-ONE Parts (Thailand) Co., Ltd."
ASEAN?India?Korea,Honda,City (Thailand),2017,"H-ONE Parts (Thailand) Co., Ltd."
ASEAN?India?Korea,Honda,City (Thailand),2017,"H-ONE Parts (Thailand) Co., Ltd."
ASEAN?India?Korea,Honda,City (Thailand),2017,"Thai Marujun Co., Ltd."
ASEAN?India?Korea,Honda,City (Thailand),2017,"Thai Marujun Co., Ltd."
ASEAN?India?Korea,Honda,City CNG (Thailand),2017,"H-ONE Parts (Thailand) Co., Ltd."
ASEAN?India?Korea,Honda,Civic (Thailand),2017,"H-ONE Parts (Thailand) Co., Ltd."
ASEAN?India?Korea,Honda,Civic (Thailand),2017,"H-ONE Parts (Thailand) Co., Ltd."
ASEAN?India?Korea,Honda,Civic (Thailand),2017,"H-ONE Parts (Thailand) Co., Ltd."
ASEAN?India?Korea,Honda,Civic (Thailand),2017,"Thai Marujun Co., Ltd."
ASEAN?India?Korea,Honda,Civic (Thailand),2017,"Thai Marujun Co., Ltd."
ASEAN?India?Korea,Honda,CR-V (Thailand),2017,"H-ONE Parts (Thailand) Co., Ltd."
ASEAN?India?Korea,Honda,CR-V (Thailand),2017,"H-ONE Parts (Thailand) Co., Ltd."
ASEAN?India?Korea,Honda,CR-V (Thailand),2017,"H-ONE Parts (Thailand) Co., Ltd."
ASEAN?India?Korea,Honda,CR-V (Thailand),2017,"Thai Marujun Co., Ltd."
ASEAN?India?Korea,Honda,CR-V (Thailand),2017,"Thai Marujun Co., Ltd."
ASEAN?India?Korea,Honda,Jazz (India),2017,"H-ONE India Pvt., Ltd."
ASEAN?India?Korea,Honda,Jazz (India),2017,"H-ONE India Pvt., Ltd."
ASEAN?India?Korea,Honda,Jazz (Thailand),2017,"H-ONE Parts (Thailand) Co., Ltd."
ASEAN?India?Korea,Honda,Jazz (Thailand),2017,"H-ONE Parts (Thailand) Co., Ltd."
ASEAN?India?Korea,Honda,Jazz (Thailand),2017,"H-ONE Parts (Thailand) Co., Ltd."
ASEAN?India?Korea,Honda,Jazz (Thailand),2017,"Thai Marujun Co., Ltd."
ASEAN?India?Korea,Honda,Jazz (Thailand),2017,"Thai Marujun Co., Ltd."
ASEAN?India?Korea,Honda,Mobilio (India),2017,"H-ONE India Pvt., Ltd."
ASEAN?India?Korea,Honda,Mobilio (India),2017,"H-ONE India Pvt., Ltd."
ASEAN?India?Korea,Mitsubishi,Attrage (Thailand),2017,"Bangkok Eagle Wings Co., Ltd."
ASEAN?India?Korea,Mitsubishi,Mirage (Thailand),2017,"Bangkok Eagle Wings Co., Ltd."
Europe,Peugeot,5008 (France),2017,Gestamp Automocion S.A.
Europe,Porsche,Cayenne (Germany),2017,Gedia Gebrueder Dingerkus GmbH
Europe,Skoda,Karoq (Czech Republic),2017,Benteler Group (Benteler Automobiltechnik GmbH)
ASEAN?India?Korea,Suzuki,Celerio (Thailand),2017,"Bangkok Eagle Wings Co., Ltd."
ASEAN?India?Korea,Suzuki,Ciaz (Thailand),2017,"Bangkok Eagle Wings Co., Ltd."
ASEAN?India?Korea,Suzuki,Swift (Thailand),2017,"Bangkok Eagle Wings Co., Ltd."
Europe,Volkswagen,Arteon (Germany),2017,Gestamp Automocion S.A.
Europe,Volkswagen,Polo (Spain),2017,Gestamp Automocion S.A.
Europe,Volkswagen,Polo (Spain),2017,Linde + Wiemann SE & Co. KG
Europe,Volkswagen,Polo (Spain),2017,Snop Automotive Cologne GmbH (Formerly Tower Automotive Holding GmbH)
Europe,Volkswagen,T-Roc (Portugal),2017,Gestamp Automocion S.A.
Europe,Volvo Cars,Volvo XC60 (Sweden),2017,Gestamp Automocion S.A.
Europe,Audi,Q5 (Germany),2016,KIRCHHOFF Automotive AG
Europe,Audi,Q7 (Slovakia),2016,DURA Automotive Systems LLC
Europe,Audi,Q7 (Slovakia),2016,KIRCHHOFF Automotive AG
China,BMW Brilliance,BMW 3 Series (China),2016,"Gestamp Auto Components (Shenyang) Co., Ltd."
China,BMW Brilliance,BMW X1 (FF) (China),2016,"Gestamp Auto Components (Shenyang) Co., Ltd."
China,Brilliance,Junjie FRV (China),2016,"Liaoning SG Automotive Chassis Systems Co., Ltd."
China,Brilliance,Junjie FRV (China),2016,"Liaoning SG Automotive Chassis Systems Co., Ltd."
Americas,Chrysler,Pacifica (Canada),2016,The Narmco Group
Americas,Chrysler,Pacifica (Canada),2016,The Narmco Group
Americas,Chrysler,Town & Country (Canada),2016,Sika Corporation - Industry and Automotive
Europe,Daimler,Mercedes-Benz E-Class (Germany),2016,voestalpine AG
ASEAN?India?Korea,Maruti Suzuki,Swift (India),2016,VeeGee Industrial Enterprises Pvt. Ltd.
ASEAN?India?Korea,Maruti Suzuki,SX4 (India),2016,VeeGee Industrial Enterprises Pvt. Ltd.
ASEAN?India?Korea,Maruti Suzuki,Zen Estilo (India),2016,VeeGee Industrial Enterprises Pvt. Ltd.
ASEAN?India?Korea,Maruti Suzuki,Zen Estilo (India),2016,VeeGee Industrial Enterprises Pvt. Ltd.
Japan,Mazda,Premacy,2016,"H-ONE Co., Ltd."
Japan,Mitsubishi,Delica D:5,2016,"Hiruta Kogyo Co., Ltd."
Japan,Mitsubishi,eK Wagon,2016,"Ichii Co., Ltd."
Japan,Mitsubishi,Outlander,2016,"Hiruta Kogyo Co., Ltd."
Japan,Nissan,Dayz,2016,"Ichii Co., Ltd."
Japan,Nissan,Dayz Roox,2016,"Ichii Co., Ltd."
Europe,Opel,Mokka X (Spain),2016,Linde + Wiemann SE & Co. KG
Europe,Opel,Mokka X (Spain),2016,Linde + Wiemann SE & Co. KG
Europe,Peugeot,3008 (France),2016,Gestamp Automocion S.A.
Europe,Peugeot,3008 (France),2016,Gestamp Automocion S.A.
China,SAIC GM,Buick Encore (FF) (China),2016,"Shanghai Lianming Machinery Co., Ltd."
China,SAIC GM,Chevrolet Epica (China),2016,"Shanghai Lianming Machinery Co., Ltd."
China,SAIC GM,Chevrolet Epica (China),2016,"Shanghai Lianming Machinery Co., Ltd."
China,SAIC GM,Chevrolet Sail (China),2016,"Shanghai Lianming Machinery Co., Ltd."
Europe,Alfa Romeo,Giulia (Italy),2015,"Autokiniton Global Group, LP (Formerly Tower International, Inc.)"
Europe,Audi,Q7 (Slovakia),2015,DURA Automotive Systems LLC
Europe,Audi,Q7 (Slovakia),2015,Gedia Gebrueder Dingerkus GmbH
Europe,Audi,Q7 (Slovakia),2015,Gestamp Automocion S.A.
Europe,Audi,Q7 (Slovakia),2015,KIRCHHOFF Automotive AG
China,BYD,Sirui (China),2015,"Hunan KDL Precision Industry Co., Ltd."
China,BYD,Sirui (China),2015,"Hunan KDL Precision Industry Co., Ltd."
China,BYD,Sirui (China),2015,"Hunan KDL Precision Industry Co., Ltd."
China,BYD,Sirui (China),2015,"Hunan KDL Precision Industry Co., Ltd."
Americas,Chrysler,200 (USA),2015,"Multimatic, Inc."
Americas,Daimler,Mercedes-Benz GLE Coupe (USA),2015,Gestamp North America
Americas,Daimler,Mercedes-Benz GLE Coupe (USA),2015,Gestamp North America
Americas,Daimler,Mercedes-Benz GLE Coupe (USA),2015,Gestamp North America
Americas,Daimler,Mercedes-Benz GLE Coupe (USA),2015,Gestamp North America
Americas,Daimler,Mercedes-Benz GLE Coupe (USA),2015,Gestamp North America
China,FAW-Volkswagen,Audi A4L (FF) (China),2015,"Huada Automotive Technology Co., Ltd."
China,FAW-Volkswagen,Audi A6L (FF) (China),2015,"Huada Automotive Technology Co., Ltd."
China,FAW-Volkswagen,Volkswagen Bora (FF) (China),2015,"Huada Automotive Technology Co., Ltd."
China,FAW-Volkswagen,Volkswagen CC (FF) (China),2015,"Huada Automotive Technology Co., Ltd."
China,FAW-Volkswagen,Volkswagen Golf (China),2015,"Huada Automotive Technology Co., Ltd."
China,FAW-Volkswagen,Volkswagen Magotan (China),2015,"Huada Automotive Technology Co., Ltd."
China,FAW-Volkswagen,Audi Q3 (FF) (China),2015,"Huada Automotive Technology Co., Ltd."
China,FAW-Volkswagen,Audi Q5 (China),2015,"Huada Automotive Technology Co., Ltd."
ASEAN?India?Korea,Ford,Everest (Thailand),2015,"Hiruta And Summit Co., Ltd."
Europe,Ford,Galaxy (Belgium),2015,Gedia Gebrueder Dingerkus GmbH
ASEAN?India?Korea,Ford,Ranger (Thailand),2015,"Hiruta And Summit Co., Ltd."
China,Geely,Emgrand (FF) (China),2015,"Hubei Yongzhe Hot Stamping Parts Co., Ltd."
Americas,GM,Cadillac Escalade (USA),2015,"Multimatic, Inc."
Americas,Honda,Pilot (USA),2015,Fleetwood Metal Industries Inc.
Americas,Honda,Acura TLX (USA),2015,"Shiloh Industries, Inc."
Americas,Kia,Sorento (USA),2015,Hwashin America Corp.
ASEAN?India?Korea,Mitsubishi,Attrage (Thailand),2015,"Hiruta And Summit Co., Ltd."
ASEAN?India?Korea,Mitsubishi,Mirage (Thailand),2015,"Hiruta And Summit Co., Ltd."
ASEAN?India?Korea,Mitsubishi,Pajero Sport (Thailand),2015,"Hiruta And Summit Co., Ltd."
Americas,Nissan,Frontier (USA),2015,Martinrea International Inc.
Europe,Opel,Astra (Poland),2015,KIRCHHOFF Automotive AG
ASEAN?India?Korea,Suzuki,Celerio (Thailand),2015,"Hiruta And Summit Co., Ltd."
ASEAN?India?Korea,Suzuki,Swift (Thailand),2015,"Hiruta And Summit Co., Ltd."
ASEAN?India?Korea,Toyota,Camry (Thailand),2015,"SANGO Thai Engineering & Manufacturing Co., Ltd. (STEM) (Formerly YS Pund Co., Ltd.)"
ASEAN?India?Korea,Toyota,Camry Hybrid (Thailand),2015,"SANGO Thai Engineering & Manufacturing Co., Ltd. (STEM) (Formerly YS Pund Co., Ltd.)"
ASEAN?India?Korea,Toyota,Corolla Altis (Thailand),2015,"SANGO Thai Engineering & Manufacturing Co., Ltd. (STEM) (Formerly YS Pund Co., Ltd.)"
ASEAN?India?Korea,Toyota,Fortuner (Thailand),2015,"SANGO Thai Engineering & Manufacturing Co., Ltd. (STEM) (Formerly YS Pund Co., Ltd.)"
ASEAN?India?Korea,Toyota,Hilux Revo (Thailand),2015,"SANGO Thai Engineering & Manufacturing Co., Ltd. (STEM) (Formerly YS Pund Co., Ltd.)"
ASEAN?India?Korea,Toyota,Hilux Vigo (Thailand),2015,"SANGO Thai Engineering & Manufacturing Co., Ltd. (STEM) (Formerly YS Pund Co., Ltd.)"
ASEAN?India?Korea,Toyota,Vios (Thailand),2015,"SANGO Thai Engineering & Manufacturing Co., Ltd. (STEM) (Formerly YS Pund Co., Ltd.)"
ASEAN?India?Korea,Toyota,Yaris (Thailand),2015,"SANGO Thai Engineering & Manufacturing Co., Ltd. (STEM) (Formerly YS Pund Co., Ltd.)"
Europe,Audi,TT (Hungary),2014,Linde + Wiemann SE & Co. KG
Europe,BMW,4 Series (Germany),2014,FEMALK Zrt. - Dunavars?ny Plant
Americas,BMW,X4 (USA),2014,FEMALK Zrt. - Dunavars?ny Plant
China,Changan Mazda,Mazda 3 (China),2014,Shanghai Benteler Huizhong Automotive Company Ltd.
China,Changan Volvo,Volvo S80L (China),2014,"Shanghai Huizhong Automotive Manufacturing Co., Ltd."
China,FAW Car,Mazda 6 (China),2014,"Shanghai Huizhong Automotive Manufacturing Co., Ltd."
Americas,Ford,Mustang (USA),2014,Gestamp Automocion S.A.
China,GAC Mitsubishi,Mitsubishi ASX (FF) (China),2014,"Changsha Asteer WuuShiang Auto Parts Co., Ltd."
China,GAC Mitsubishi,Mitsubishi Pajero Sport (China),2014,"Changsha Asteer WuuShiang Auto Parts Co., Ltd."
Americas,GM,Chevrolet City Express (Mexico),2014,Gestamp Automocion S.A.
Americas,GM,Chevrolet City Express (Mexico),2014,Gestamp Automocion S.A.
Americas,GM,Chevrolet City Express (Mexico),2014,Gestamp Automocion S.A.
Japan,Honda,Accord,2014,"H-ONE Co., Ltd."
Japan,Honda,Accord,2014,"H-ONE Co., Ltd."
ASEAN?India?Korea,Honda,Accord (Thailand),2014,"H-ONE Parts (Thailand) Co., Ltd."
ASEAN?India?Korea,Honda,Accord (Thailand),2014,"H-ONE Parts (Thailand) Co., Ltd."
ASEAN?India?Korea,Honda,Accord (Thailand),2014,"H-ONE Parts (Thailand) Co., Ltd."
Japan,Honda,Accord Hybrid,2014,"H-ONE Co., Ltd."
Japan,Honda,Accord Hybrid,2014,"H-ONE Co., Ltd."
ASEAN?India?Korea,Honda,Amaze (Thailand),2014,"H-ONE Parts (Thailand) Co., Ltd."
ASEAN?India?Korea,Honda,Amaze (Thailand),2014,"H-ONE Parts (Thailand) Co., Ltd."
ASEAN?India?Korea,Honda,Amaze (Thailand),2014,"H-ONE Parts (Thailand) Co., Ltd."
ASEAN?India?Korea,Honda,Brio (Thailand),2014,"H-ONE Parts (Thailand) Co., Ltd."
ASEAN?India?Korea,Honda,Brio (Thailand),2014,"H-ONE Parts (Thailand) Co., Ltd."
ASEAN?India?Korea,Honda,Brio (Thailand),2014,"H-ONE Parts (Thailand) Co., Ltd."
ASEAN?India?Korea,Honda,City (Thailand),2014,"H-ONE Parts (Thailand) Co., Ltd."
ASEAN?India?Korea,Honda,City (Thailand),2014,"H-ONE Parts (Thailand) Co., Ltd."
ASEAN?India?Korea,Honda,City (Thailand),2014,"H-ONE Parts (Thailand) Co., Ltd."
ASEAN?India?Korea,Honda,Civic (Thailand),2014,"H-ONE Parts (Thailand) Co., Ltd."
ASEAN?India?Korea,Honda,Civic (Thailand),2014,"H-ONE Parts (Thailand) Co., Ltd."
ASEAN?India?Korea,Honda,Civic (Thailand),2014,"H-ONE Parts (Thailand) Co., Ltd."
Japan,Honda,CR-V,2014,"H-ONE Co., Ltd."
Japan,Honda,CR-V,2014,"H-ONE Co., Ltd."
Japan,Honda,CR-V,2014,"H-ONE Co., Ltd."
ASEAN?India?Korea,Honda,CR-V (Thailand),2014,"H-ONE Parts (Thailand) Co., Ltd."
ASEAN?India?Korea,Honda,CR-V (Thailand),2014,"H-ONE Parts (Thailand) Co., Ltd."
ASEAN?India?Korea,Honda,CR-V (Thailand),2014,"H-ONE Parts (Thailand) Co., Ltd."
Japan,Honda,Fit,2014,"H-ONE Co., Ltd."
Japan,Honda,Fit,2014,"H-ONE Co., Ltd."
Japan,Honda,Fit Hybrid,2014,"H-ONE Co., Ltd."
Japan,Honda,Fit Hybrid,2014,"H-ONE Co., Ltd."
Japan,Honda,Fit Shuttle,2014,"H-ONE Co., Ltd."
Japan,Honda,Fit Shuttle,2014,"H-ONE Co., Ltd."
Japan,Honda,Fit Shuttle Hybrid,2014,"H-ONE Co., Ltd."
Japan,Honda,Fit Shuttle Hybrid,2014,"H-ONE Co., Ltd."
Japan,Honda,Freed,2014,"H-ONE Co., Ltd."
Japan,Honda,Freed,2014,"H-ONE Co., Ltd."
Japan,Honda,Freed Hybrid,2014,"H-ONE Co., Ltd."
Japan,Honda,Freed Hybrid,2014,"H-ONE Co., Ltd."
Japan,Honda,Freed Spike,2014,"H-ONE Co., Ltd."
Japan,Honda,Freed Spike,2014,"H-ONE Co., Ltd."
Japan,Honda,Freed Spike Hybrid,2014,"H-ONE Co., Ltd."
Japan,Honda,Freed Spike Hybrid,2014,"H-ONE Co., Ltd."
ASEAN?India?Korea,Honda,Jazz (Thailand),2014,"H-ONE Parts (Thailand) Co., Ltd."
ASEAN?India?Korea,Honda,Jazz (Thailand),2014,"H-ONE Parts (Thailand) Co., Ltd."
ASEAN?India?Korea,Honda,Jazz (Thailand),2014,"H-ONE Parts (Thailand) Co., Ltd."
Japan,Honda,Odyssey,2014,"H-ONE Co., Ltd."
Japan,Honda,Odyssey,2014,"H-ONE Co., Ltd."
Japan,Honda,Odyssey,2014,"H-ONE Co., Ltd."
Japan,Honda,Step WGN,2014,"H-ONE Co., Ltd."
Americas,Honda,Acura TLX (USA),2014,"Shiloh Industries, Inc."
Americas,Honda,Acura TLX (USA),2014,"Shiloh Industries, Inc."
Japan,Honda,Vezel,2014,"H-ONE Co., Ltd."
Japan,Honda,Vezel,2014,"H-ONE Co., Ltd."
Japan,Honda,Vezel Hybrid,2014,"H-ONE Co., Ltd."
Japan,Honda,Vezel Hybrid,2014,"H-ONE Co., Ltd."
Europe,Hyundai,i20 (Turkiye),2014,"Hwashin Co., Ltd."
Europe,Kia,cee'd (Slovakia),2014,"Dongwon SK, s.r.o"
Americas,Kia,Sorento (USA),2014,"Hwashin Co., Ltd."
Europe,Kia,Sportage (Slovakia),2014,"Dongwon SK, s.r.o"
Europe,Kia,Venga (Slovakia),2014,"Dongwon SK, s.r.o"
Japan,Mazda,Atenza,2014,Y-TEC Corporation
Japan,Mazda,CX-5,2014,Y-TEC Corporation
ASEAN?India?Korea,Nissan,Datsun GO (India),2014,"Yorozu JBM Automotive Tamil Nadu Pvt., Ltd."
ASEAN?India?Korea,Nissan,Datsun GO (Indonesia),2014,PT. Yorozu Automotive Indonesia
ASEAN?India?Korea,Nissan,Datsun GO+ (India),2014,"Yorozu JBM Automotive Tamil Nadu Pvt., Ltd."
ASEAN?India?Korea,Nissan,Datsun GO+ (Indonesia),2014,PT. Yorozu Automotive Indonesia
Americas,Ram Trucks,Ram ProMaster (Mexico),2014,The Narmco Group
China,SAIC GM,Chevrolet Cruze (FF) (China),2014,"Shanghai Huizhong Automotive Manufacturing Co., Ltd."
China,SAIC GM,Chevrolet Cruze (FF) (China),2014,"Yantai Huizhong Automotive Chassis Systems Co., Ltd."
China,SAIC GM Wuling,Baojun 630 (FF) (China),2014,"Shanghai Huizhong Automotive Manufacturing Co., Ltd."
China,SAIC Passenger Vehicle,Roewe 350 (China),2014,"Shanghai Huizhong Automotive Manufacturing Co., Ltd."
China,SAIC Passenger Vehicle,Roewe 550 (China),2014,"Shanghai Huizhong Automotive Manufacturing Co., Ltd."
China,SAIC Passenger Vehicle,Roewe 750 (China),2014,"Shanghai Huizhong Automotive Manufacturing Co., Ltd."
China,SAIC Passenger Vehicle,MG MG3 (FF) (China),2014,"Shanghai Huizhong Automotive Manufacturing Co., Ltd."
China,Shanghai GM,Chevrolet Aveo (China),2014,"Yantai Huizhong Automotive Chassis Systems Co., Ltd."
China,Shanghai GM,Buick Encore (FF) (China),2014,"Yantai Huizhong Automotive Chassis Systems Co., Ltd."
China,Shanghai GM,Chevrolet Epica (China),2014,"Yantai Huizhong Automotive Chassis Systems Co., Ltd."
China,Shanghai GM,Buick Excelle GT (FF) (China),2014,"Shanghai Huizhong Automotive Manufacturing Co., Ltd."
China,Shanghai GM,Buick Excelle GT (FF) (China),2014,"Yantai Huizhong Automotive Chassis Systems Co., Ltd."
China,Shanghai GM,Buick Excelle XT (FF) (China),2014,"Shanghai Huizhong Automotive Manufacturing Co., Ltd."
China,Shanghai GM,Buick Excelle XT (FF) (China),2014,"Yantai Huizhong Automotive Chassis Systems Co., Ltd."
China,Shanghai GM,Buick GL8 (FF) (China),2014,"Yantai Huizhong Automotive Chassis Systems Co., Ltd."
China,Shanghai GM,Buick LaCrosse (FF) (China),2014,"Shanghai Huizhong Automotive Manufacturing Co., Ltd."
China,Shanghai GM,Chevrolet Malibu (China),2014,"Shanghai Huizhong Automotive Manufacturing Co., Ltd."
China,Shanghai GM,Buick Park Avenue (China),2014,"Shanghai Huizhong Automotive Manufacturing Co., Ltd."
China,Shanghai GM,Chevrolet Sail (China),2014,"Shanghai Huizhong Automotive Manufacturing Co., Ltd."
China,Shanghai GM,Chevrolet Sail (China),2014,"Yantai Huizhong Automotive Chassis Systems Co., Ltd."
China,Shanghai Volkswagen,Skoda Fabia (FF) (China),2014,"Shanghai Huizhong Automotive Manufacturing Co., Ltd."
China,Shanghai Volkswagen,Volkswagen Lavida (FF) (China),2014,"Shanghai Huizhong Automotive Manufacturing Co., Ltd."
China,Shanghai Volkswagen,Skoda Octavia (FF) (China),2014,"Shanghai Huizhong Automotive Manufacturing Co., Ltd."
China,Shanghai Volkswagen,Volkswagen Passat (FF) (China),2014,"Shanghai Huizhong Automotive Manufacturing Co., Ltd."
China,Shanghai Volkswagen,Volkswagen Polo (FF) (China),2014,"Shanghai Huizhong Automotive Manufacturing Co., Ltd."
China,Shanghai Volkswagen,Volkswagen Santana (FF) (China),2014,"Shanghai Huizhong Automotive Manufacturing Co., Ltd."
China,Shanghai Volkswagen,Volkswagen Tiguan (FF) (China),2014,"Shanghai Huizhong Automotive Manufacturing Co., Ltd."
Japan,Toyota,Corolla Axio Hybrid/Corolla Fielder Hybrid,2014,"Kyoho Machine Works, Ltd."
Japan,Toyota,Corolla Axio Hybrid/Corolla Fielder Hybrid,2014,"Toyoda Iron Works Co., Ltd."
Japan,Toyota,Harrier,2014,"Aisin Takaoka Co., Ltd."
Japan,Toyota,RAV4,2014,"Aisin Takaoka Co., Ltd."
Japan,Toyota,RAV4,2014,"Kyoho Machine Works, Ltd."
ASEAN?India?Korea,Uz-Daewoo,Daewoo Damas (Uzbekistan),2014,Uz-DongWon Co.
Europe,Volkswagen,Golf GTE (Germany),2014,Gedia Gebrueder Dingerkus GmbH
Europe,BMW,2 Series (Germany),2013,FEMALK Zrt. - Dunavars?ny Plant
Europe,BMW,i3 (Germany),2013,Gedia Gebrueder Dingerkus GmbH
Japan,Daihatsu,Mira e:S,2013,"ASTEER Co., Ltd."
Japan,Daihatsu,Mira e:S,2013,"D-ACT.Co., Ltd. (Formerly Aoi Machine Industry Co., Ltd.)"
Japan,Daihatsu,Mira e:S,2013,"D-ACT.Co., Ltd. - Osaka (Formerly Kawamura Metal Mfg. Co., Ltd.)"
Japan,Daihatsu,Mira e:S,2013,"D-ACT.Co., Ltd. - Osaka (Formerly Kawamura Metal Mfg. Co., Ltd.)"
Japan,Daihatsu,Mira e:S,2013,Enoki Corporation
Japan,Daihatsu,Move,2013,"D-ACT.Co., Ltd. (Formerly Aoi Machine Industry Co., Ltd.)"
Japan,Daihatsu,Move,2013,"D-ACT.Co., Ltd. - Osaka (Formerly Kawamura Metal Mfg. Co., Ltd.)"
Japan,Daihatsu,Move,2013,"D-ACT.Co., Ltd. - Osaka (Formerly Kawamura Metal Mfg. Co., Ltd.)"
Japan,Daihatsu,Move,2013,Enoki Corporation
Americas,Daimler,Mercedes-Benz GL-Class (USA),2013,Martinrea International Inc.
Americas,Ford,Fusion (USA),2013,Magna International Inc.
ASEAN?India?Korea,Honda,Accord (Thailand),2013,"H-ONE Parts (Thailand) Co., Ltd."
ASEAN?India?Korea,Honda,Accord (Thailand),2013,"H-ONE Parts (Thailand) Co., Ltd."
ASEAN?India?Korea,Honda,Accord (Thailand),2013,"H-ONE Parts (Thailand) Co., Ltd."
ASEAN?India?Korea,Honda,Accord (Thailand),2013,"Thai Marujun Co., Ltd."
ASEAN?India?Korea,Honda,Accord (Thailand),2013,"Thai Marujun Co., Ltd."
ASEAN?India?Korea,Honda,Brio (Thailand),2013,"Thai Marujun Co., Ltd."
ASEAN?India?Korea,Honda,Brio (Thailand),2013,"Thai Marujun Co., Ltd."
ASEAN?India?Korea,Honda,Brio Amaze (Thailand),2013,"Thai Marujun Co., Ltd."
ASEAN?India?Korea,Honda,Brio Amaze (Thailand),2013,"Thai Marujun Co., Ltd."
ASEAN?India?Korea,Honda,City (Thailand),2013,"Thai Marujun Co., Ltd."
ASEAN?India?Korea,Honda,City (Thailand),2013,"Thai Marujun Co., Ltd."
ASEAN?India?Korea,Honda,Civic (Thailand),2013,"Thai Marujun Co., Ltd."
ASEAN?India?Korea,Honda,Civic (Thailand),2013,"Thai Marujun Co., Ltd."
ASEAN?India?Korea,Honda,CR-V (Thailand),2013,"Thai Marujun Co., Ltd."
ASEAN?India?Korea,Honda,CR-V (Thailand),2013,"Thai Marujun Co., Ltd."
ASEAN?India?Korea,Honda,Jazz (Thailand),2013,"Thai Marujun Co., Ltd."
ASEAN?India?Korea,Honda,Jazz (Thailand),2013,"Thai Marujun Co., Ltd."
Europe,Hyundai,i10 (Turkiye),2013,"Hwashin Co., Ltd."
Japan,Mazda,Atenza,2013,Y-TEC Corporation
Japan,Mazda,CX-5,2013,Y-TEC Corporation
ASEAN?India?Korea,Mitsubishi,Lancer (Thailand),2013,"Bangkok Eagle Wings Co., Ltd."
ASEAN?India?Korea,Mitsubishi,Lancer EX (Thailand),2013,"Bangkok Eagle Wings Co., Ltd."
ASEAN?India?Korea,Mitsubishi,Mirage (Thailand),2013,"Hiruta And Summit Co., Ltd."
Americas,Mitsubishi,Outlander Sport (USA),2013,"Heritage Products, Inc."
ASEAN?India?Korea,Mitsubishi,Pajero Sport (Thailand),2013,"Bangkok Eagle Wings Co., Ltd."
ASEAN?India?Korea,Mitsubishi,Pajero Sport (Thailand),2013,"Hiruta And Summit Co., Ltd."
ASEAN?India?Korea,Mitsubishi,Triton (Thailand),2013,"Bangkok Eagle Wings Co., Ltd."
Japan,Suzuki,Swift,2013,"Okamoto Press Industry Co., Ltd."
Japan,Suzuki,Swift,2013,"Okamoto Press Industry Co., Ltd."
ASEAN?India?Korea,Suzuki,Swift (Thailand),2013,"Kyokuyo Industrial (Thailand) Co., Ltd."
ASEAN?India?Korea,Tata,Indica (India),2013,Automotive Stampings and Assemblies Limited. (ASAL)
ASEAN?India?Korea,Tata,Indigo (India),2013,Automotive Stampings and Assemblies Limited. (ASAL)
ASEAN?India?Korea,Tata,Indigo (India),2013,Automotive Stampings and Assemblies Limited. (ASAL)
ASEAN?India?Korea,Tata,Indigo (India),2013,Automotive Stampings and Assemblies Limited. (ASAL)
ASEAN?India?Korea,Tata,Indigo (India),2013,Automotive Stampings and Assemblies Limited. (ASAL)
Japan,Toyota,Auris,2013,"Kyoho Machine Works, Ltd."
Japan,Toyota,Auris,2013,"Toyoda Iron Works Co., Ltd."
ASEAN?India?Korea,Toyota,Hilux Vigo (Thailand),2013,"Kyokuyo Industrial (Thailand) Co., Ltd."
ASEAN?India?Korea,Toyota,Kijang Innova (Indonesia),2013,P.T. Nusa Toyotetsu Corporation
Japan,Toyota,Porte/Spade,2013,"Kyoho Machine Works, Ltd."
Japan,Toyota,Porte/Spade,2013,"Toyoda Iron Works Co., Ltd."
Europe,Alfa Romeo,MiTo (Italy),2012,Marelli Europe S.p.A. (Formerly Magneti Marelli S.p.A.)
Americas,GM,Chevrolet Impala (USA),2012,AGS Automotive Systems
Americas,Honda,Civic (USA),2012,KIRCHHOFF Automotive Canada Inc. - Aurora
Americas,Honda,Civic (USA),2012,Martinrea International Inc.
ASEAN?India?Korea,Mitsubishi,Mirage (Thailand),2012,"Bangkok Eagle Wings Co., Ltd."
Americas,Nissan,NP300 Pick up truck (Mexico),2012,Unipres Mexicana S.A. de C.V.
Americas,Nissan,Sentra (Mexico),2012,Unipres Mexicana S.A. de C.V.
Americas,Nissan,Tsuru (Mexico),2012,Unipres Mexicana S.A. de C.V.
Europe,Volkswagen,Golf (Germany),2012,Magna International Inc.
Europe,Volkswagen,up! (Slovakia),2012,Gestamp Automocion S.A.
Japan,Daihatsu,Atrai Wagon,2011,Enoki Corporation
Japan,Daihatsu,Atrai Wagon,2011,"Toyoda Iron Works Co., Ltd."
Japan,Daihatsu,Be-go,2011,Enoki Corporation
Japan,Daihatsu,Be-go,2011,"Toyoda Iron Works Co., Ltd."
Japan,Daihatsu,Boon,2011,Enoki Corporation
Japan,Daihatsu,Boon,2011,"Toyoda Iron Works Co., Ltd."
Japan,Daihatsu,Coo,2011,Enoki Corporation
Japan,Daihatsu,Coo,2011,"Toyoda Iron Works Co., Ltd."
Japan,Daihatsu,Copen,2011,Enoki Corporation
Japan,Daihatsu,Copen,2011,"H-ONE Co., Ltd."
Japan,Daihatsu,Copen,2011,"Toyoda Iron Works Co., Ltd."
Japan,Daihatsu,Esse,2011,Enoki Corporation
Japan,Daihatsu,Esse,2011,"Toyoda Iron Works Co., Ltd."
Japan,Daihatsu,Hijet Cargo,2011,"Toyoda Iron Works Co., Ltd."
Japan,Daihatsu,Hijet Truck,2011,"Toyoda Iron Works Co., Ltd."
Japan,Daihatsu,Mira,2011,Enoki Corporation
Japan,Daihatsu,Mira,2011,"Toyoda Iron Works Co., Ltd."
Japan,Daihatsu,Mira Van,2011,"Toyoda Iron Works Co., Ltd."
Japan,Daihatsu,Move Conte,2011,Enoki Corporation
Japan,Daihatsu,Move Conte,2011,"Toyoda Iron Works Co., Ltd."
Japan,Daihatsu,Tanto,2011,Enoki Corporation
Japan,Daihatsu,Tanto,2011,"Toyoda Iron Works Co., Ltd."
Japan,Daihatsu,Terios Kid,2011,Enoki Corporation
Japan,Daihatsu,Terios Kid,2011,"Toyoda Iron Works Co., Ltd."
ASEAN?India?Korea,Daihatsu,Xenia (Indonesia),2011,P.T. Nusa Toyotetsu Corporation
ASEAN?India?Korea,Honda,City (Thailand),2011,"Thai Marujun Co., Ltd."
Japan,Honda,Elysion,2011,"H-ONE Co., Ltd."
Japan,Honda,Freed,2011,"H-ONE Co., Ltd."
Japan,Honda,Inspire,2011,"H-ONE Co., Ltd."
Japan,Honda,Inspire,2011,"H-ONE Co., Ltd."
Japan,Honda,Legend,2011,"H-ONE Co., Ltd."
Japan,Honda,Legend,2011,"H-ONE Co., Ltd."
Japan,Honda,Odyssey,2011,"H-ONE Co., Ltd."
Japan,Honda,Step WGN,2011,"H-ONE Co., Ltd."
Japan,Honda,Stream,2011,"H-ONE Co., Ltd."
Japan,Honda,Stream,2011,"H-ONE Co., Ltd."
Japan,Mazda,Bongo Truck,2011,"Press Kogyo Co., Ltd."
Japan,Mazda,Bongo Van,2011,"Press Kogyo Co., Ltd."
Japan,Mitsubishi,Colt,2011,Aska Corporation
Japan,Mitsubishi,Colt,2011,Aska Corporation
Japan,Mitsubishi,Colt Plus,2011,Aska Corporation
Japan,Mitsubishi,Colt Plus,2011,Aska Corporation
Japan,Mitsubishi,Delica D:5,2011,Aska Corporation
Japan,Mitsubishi,Delica D:5,2011,Aska Corporation
Japan,Mitsubishi,Delica D:5,2011,"ASTEER Co., Ltd."
Japan,Mitsubishi,Delica D:5,2011,"Hiruta Kogyo Co., Ltd."
Japan,Mitsubishi,Delica D:5,2011,"Hiruta Kogyo Co., Ltd."
Japan,Mitsubishi,eK Wagon,2011,"ASTEER Co., Ltd."
Japan,Mitsubishi,eK Wagon,2011,"Hiruta Kogyo Co., Ltd."
Japan,Mitsubishi,eK Wagon,2011,"Hiruta Kogyo Co., Ltd."
Japan,Mitsubishi,Galant Fortis,2011,Aska Corporation
Japan,Mitsubishi,Galant Fortis,2011,Aska Corporation
Japan,Mitsubishi,Galant Fortis,2011,"ASTEER Co., Ltd."
Japan,Mitsubishi,Galant Fortis,2011,"Hiruta Kogyo Co., Ltd."
Japan,Mitsubishi,Galant Fortis,2011,"Hiruta Kogyo Co., Ltd."
Japan,Mitsubishi,i,2011,"ASTEER Co., Ltd."
Japan,Mitsubishi,i,2011,"Hiruta Kogyo Co., Ltd."
Japan,Mitsubishi,i,2011,"Hiruta Kogyo Co., Ltd."
ASEAN?India?Korea,Mitsubishi,Lancer (Thailand),2011,"Bangkok Eagle Wings Co., Ltd."
Japan,Mitsubishi,Lancer Evolution X,2011,Aska Corporation
Japan,Mitsubishi,Lancer Evolution X,2011,Aska Corporation
Japan,Mitsubishi,Lancer Evolution X,2011,"ASTEER Co., Ltd."
Japan,Mitsubishi,Lancer Evolution X,2011,"Hiruta Kogyo Co., Ltd."
Japan,Mitsubishi,Lancer Evolution X,2011,"Hiruta Kogyo Co., Ltd."
ASEAN?India?Korea,Mitsubishi,Lancer EX (Thailand),2011,"Bangkok Eagle Wings Co., Ltd."
Japan,Mitsubishi,Minicab Truck,2011,"ASTEER Co., Ltd."
Japan,Mitsubishi,Minicab Truck,2011,"Hiruta Kogyo Co., Ltd."
Japan,Mitsubishi,Minicab Truck,2011,"Hiruta Kogyo Co., Ltd."
Japan,Mitsubishi,Minicab Van,2011,"ASTEER Co., Ltd."
Japan,Mitsubishi,Minicab Van,2011,"Hiruta Kogyo Co., Ltd."
Japan,Mitsubishi,Minicab Van,2011,"Hiruta Kogyo Co., Ltd."
Japan,Mitsubishi,Outlander,2011,Aska Corporation
Japan,Mitsubishi,Outlander,2011,Aska Corporation
Japan,Mitsubishi,Outlander,2011,"ASTEER Co., Ltd."
Japan,Mitsubishi,Outlander,2011,"Hiruta Kogyo Co., Ltd."
Japan,Mitsubishi,Outlander,2011,"Hiruta Kogyo Co., Ltd."
Japan,Mitsubishi,Pajero,2011,"Hanya Seisakusho Co., Ltd."
Japan,Mitsubishi,Pajero,2011,Utsuno Corporation
Japan,Mitsubishi,Pajero Mini,2011,"ASTEER Co., Ltd."
Japan,Mitsubishi,Pajero Mini,2011,"Hiruta Kogyo Co., Ltd."
Japan,Mitsubishi,Pajero Mini,2011,"Hiruta Kogyo Co., Ltd."
ASEAN?India?Korea,Mitsubishi,Pajero Sport (Thailand),2011,Aska Corporation
ASEAN?India?Korea,Mitsubishi,Pajero Sport (Thailand),2011,Aska Corporation
ASEAN?India?Korea,Mitsubishi,Pajero Sport (Thailand),2011,"Bangkok Eagle Wings Co., Ltd."
ASEAN?India?Korea,Mitsubishi,Pajero Sport (Thailand),2011,"Hanya Seisakusho Co., Ltd."
ASEAN?India?Korea,Mitsubishi,Pajero Sport (Thailand),2011,Utsuno Corporation
Japan,Mitsubishi,RVR,2011,Aska Corporation
Japan,Mitsubishi,RVR,2011,Aska Corporation
Japan,Mitsubishi,Toppo,2011,"ASTEER Co., Ltd."
Japan,Mitsubishi,Town Box,2011,"ASTEER Co., Ltd."
Japan,Mitsubishi,Town Box,2011,"Hiruta Kogyo Co., Ltd."
Japan,Mitsubishi,Town Box,2011,"Hiruta Kogyo Co., Ltd."
ASEAN?India?Korea,Mitsubishi,Triton (Thailand),2011,"Bangkok Eagle Wings Co., Ltd."
Japan,Nissan,Lafesta,2011,"Aisin Takaoka Co., Ltd."
Japan,Subaru,Forester,2011,"Mikoto Machinerey Co., Ltd."
Japan,Subaru,Forester,2011,"Mikoto Machinerey Co., Ltd."
Japan,Subaru,Impreza,2011,"Mikoto Machinerey Co., Ltd."
Japan,Subaru,Legacy B4,2011,"Mikoto Machinerey Co., Ltd."
Japan,Subaru,Legacy B4,2011,"Mikoto Machinerey Co., Ltd."
Japan,Subaru,Legacy B4,2011,"Mikoto Machinerey Co., Ltd."
Japan,Subaru,Legacy Outback,2011,"Mikoto Machinerey Co., Ltd."
Japan,Subaru,Legacy Outback,2011,"Mikoto Machinerey Co., Ltd."
Japan,Subaru,Legacy Outback,2011,"Mikoto Machinerey Co., Ltd."
Japan,Subaru,Legacy Touring Wagon,2011,"Mikoto Machinerey Co., Ltd."
Japan,Subaru,Legacy Touring Wagon,2011,"Mikoto Machinerey Co., Ltd."
Japan,Subaru,Legacy Touring Wagon,2011,"Mikoto Machinerey Co., Ltd."
Japan,Subaru,Sambar Truck,2011,"Mikoto Machinerey Co., Ltd."
Japan,Subaru,Sambar Van,2011,"Mikoto Machinerey Co., Ltd."
Japan,Suzuki,Alto,2011,"Okamoto Press Industry Co., Ltd."
Japan,Suzuki,MR Wagon,2011,"Okamoto Press Industry Co., Ltd."
Japan,Suzuki,Wagon R,2011,"Okamoto Press Industry Co., Ltd."
Japan,Toyota,4Runner,2011,"Kyokuyo Industrial Co., Ltd."
Japan,Toyota,Auris,2011,"Kyoho Machine Works, Ltd."
ASEAN?India?Korea,Toyota,Avanza (Indonesia),2011,P.T. Nusa Toyotetsu Corporation
Japan,Toyota,Blade,2011,"Kyoho Machine Works, Ltd."
Japan,Toyota,Camry,2011,"Kyoho Machine Works, Ltd."
Japan,Toyota,Coaster,2011,Topre Corporation
Japan,Toyota,Crown,2011,"Kyoho Machine Works, Ltd."
Japan,Toyota,Crown Athlete,2011,"Kyoho Machine Works, Ltd."
Japan,Toyota,Crown Hybrid,2011,"Kyoho Machine Works, Ltd."
Japan,Toyota,Crown Majesta,2011,"Kyoho Machine Works, Ltd."
Japan,Toyota,Crown RoyalSaloon,2011,"Kyoho Machine Works, Ltd."
Japan,Toyota,Dyna,2011,"Kyokuyo Industrial Co., Ltd."
Japan,Toyota,FJ Cruiser,2011,"Kyokuyo Industrial Co., Ltd."
Japan,Toyota,Lexus GS,2011,"Kyoho Machine Works, Ltd."
ASEAN?India?Korea,Toyota,Hilux Vigo (Thailand),2011,"Kyokuyo Industrial (Thailand) Co., Ltd."
Japan,Toyota,Lexus IS,2011,"Kyoho Machine Works, Ltd."
ASEAN?India?Korea,Toyota,Kijang Innova (Indonesia),2011,P.T. Nusa Toyotetsu Corporation
Japan,Toyota,Land Cruiser Prado,2011,"Kyokuyo Industrial Co., Ltd."
Japan,Toyota,Lexus LS,2011,"Kyoho Machine Works, Ltd."
Japan,Toyota,Porte,2011,"Toyoda Iron Works Co., Ltd."
Japan,Toyota,Probox Van,2011,"Toyoda Iron Works Co., Ltd."
Japan,Toyota,Probox Wagon,2011,"Toyoda Iron Works Co., Ltd."
Japan,Toyota,RAV4,2011,"Kyoho Machine Works, Ltd."
Japan,Toyota,Succeed Van,2011,"Toyoda Iron Works Co., Ltd."
Japan,Toyota,Succeed Wagon,2011,"Toyoda Iron Works Co., Ltd."
Japan,Toyota,Scion tC,2011,"Kyoho Machine Works, Ltd."
Japan,Toyota,Toyoace,2011,"Kyokuyo Industrial Co., Ltd."
Japan,Toyota,Vanguard,2011,"Kyoho Machine Works, Ltd."
Americas,Volkswagen,Beetle (Mexico),2011,Martinrea International Inc.
Americas,Fiat,500 (Mexico),2010,Marelli Europe S.p.A. (Formerly Magneti Marelli S.p.A.)
Europe,Toyota,Avensis (UK),2010,Dowlais Group plc
